recorddate,COD_mg.L-1,BOD_mg.L-1,Ammonia_mg.L-1,Total_KjeldahlNitrogen_mg.L-1,Nitrogentotal_mg.L-1,NitrateplusNitrite_mg.L-1,ObjectId
12/4/2014 1:00:00 PM,24,NULL,0.07,2.4,NULL,NULL,1
12/4/2014 8:00:00 PM,NULL,2,0.10,NULL,NULL,NULL,2
12/7/2014 1:00:00 PM,30,NULL,0.07,2.7,NULL,NULL,3
12/8/2014 1:00:00 PM,22,NULL,0.04,1.5,NULL,NULL,4
12/9/2014 1:00:00 PM,22,NULL,0.04,1.7,NULL,NULL,5
12/10/2014 1:00:00 PM,26,NULL,0.05,2.0,NULL,NULL,6
12/10/2014 8:00:00 PM,NULL,2,0.10,0.9,8,7,7
12/11/2014 1:00:00 PM,31,NULL,0.05,2.1,NULL,NULL,8
12/14/2014 1:00:00 PM,24,NULL,0.06,3.1,NULL,NULL,9
12/15/2014 1:00:00 PM,28,NULL,0.03,1.6,NULL,NULL,10
12/16/2014 1:00:00 PM,27,NULL,0.07,2.0,NULL,NULL,11
12/16/2014 8:00:00 PM,NULL,2,0.10,NULL,NULL,NULL,12
12/17/2014 1:00:00 PM,22,NULL,0.09,1.6,NULL,NULL,13
12/18/2014 1:00:00 PM,28,NULL,0.09,1.6,NULL,NULL,14
12/21/2014 1:00:00 PM,29,NULL,0.07,2.3,NULL,NULL,15
12/21/2014 8:00:00 PM,NULL,2,0.10,2.5,12,10,16
12/22/2014 1:00:00 PM,33,NULL,0.08,2.3,NULL,NULL,17
12/23/2014 1:00:00 PM,27,NULL,0.10,3.0,NULL,NULL,18
12/26/2014 1:00:00 PM,28,NULL,0.11,2.5,NULL,NULL,19
12/28/2014 1:00:00 PM,21,NULL,0.06,1.7,NULL,NULL,20
12/28/2014 8:00:00 PM,NULL,2,0.10,NULL,NULL,NULL,21
12/29/2014 1:00:00 PM,23,NULL,0.05,1.6,NULL,NULL,22
12/30/2014 1:00:00 PM,24,NULL,0.08,2.2,NULL,NULL,23
1/1/2015 1:00:00 PM,30,NULL,0.09,1.0,NULL,NULL,24
1/4/2015 1:00:00 PM,26,NULL,0.06,2.3,NULL,NULL,25
1/5/2015 1:00:00 PM,21,NULL,0.05,2.8,NULL,NULL,26
1/5/2015 8:00:00 PM,NULL,2,0.10,1.6,17,15,27
1/6/2015 1:00:00 PM,19,NULL,0.05,1.0,NULL,NULL,28
1/7/2015 1:00:00 PM,27,NULL,0.06,2.4,NULL,NULL,29
1/8/2015 1:00:00 PM,25,NULL,0.03,1.9,NULL,NULL,30
1/11/2015 1:00:00 PM,20,NULL,0.07,1.8,NULL,NULL,31
1/12/2015 1:00:00 PM,24,NULL,0.07,4.9,NULL,NULL,32
1/13/2015 1:00:00 PM,28,NULL,0.08,2.0,NULL,NULL,33
1/13/2015 8:00:00 PM,NULL,2,0.10,NULL,NULL,NULL,34
1/14/2015 1:00:00 PM,27,NULL,0.08,1.7,NULL,NULL,35
1/15/2015 1:00:00 PM,27,NULL,0.10,1.5,NULL,NULL,36
1/18/2015 1:00:00 PM,30,NULL,0.03,2.0,NULL,NULL,37
1/19/2015 1:00:00 PM,24,NULL,0.08,2.5,NULL,NULL,38
1/20/2015 1:00:00 PM,25,NULL,0.06,1.2,NULL,NULL,39
1/21/2015 1:00:00 PM,32,NULL,0.08,2.0,NULL,NULL,40
1/21/2015 8:00:00 PM,NULL,2,0.10,1.7,12,10,41
1/22/2015 1:00:00 PM,33,NULL,0.07,2.1,NULL,NULL,42
1/24/2015 1:00:00 PM,22,NULL,0.06,1.0,NULL,NULL,43
1/26/2015 1:00:00 PM,24,NULL,0.07,2.0,NULL,NULL,44
1/27/2015 1:00:00 PM,27,NULL,0.07,3.0,NULL,NULL,45
1/28/2015 1:00:00 PM,37,NULL,0.08,3.6,NULL,NULL,46
1/29/2015 1:00:00 PM,33,NULL,0.07,3.5,NULL,NULL,47
1/29/2015 8:00:00 PM,NULL,2,0.10,NULL,NULL,NULL,48
2/1/2015 1:00:00 PM,29,NULL,0.09,3.5,NULL,NULL,49
2/2/2015 1:00:00 PM,28,NULL,0.09,13.0,NULL,NULL,50
3/7/2014 1:00:00 PM,21,NULL,0.05,2.6,NULL,NULL,51
3/10/2014 1:00:00 PM,15,NULL,0.06,2.4,NULL,NULL,52
3/11/2014 1:00:00 PM,19,3,0.05,NULL,NULL,NULL,53
3/12/2014 1:00:00 PM,20,NULL,0.05,1.8,NULL,NULL,54
3/13/2014 1:00:00 PM,21,NULL,0.06,1.0,NULL,NULL,55
3/16/2014 1:00:00 PM,22,NULL,0.80,3.3,NULL,NULL,56
3/17/2014 1:00:00 PM,20,NULL,0.06,2.2,NULL,NULL,57
3/18/2014 1:00:00 PM,20,NULL,0.05,1.3,NULL,NULL,58
3/19/2014 1:00:00 PM,24,3,0.07,1.4,13,12,59
3/20/2014 1:00:00 PM,23,NULL,0.07,3.0,NULL,NULL,60
3/23/2014 1:00:00 PM,25,NULL,0.10,2.5,NULL,NULL,61
3/24/2014 1:00:00 PM,22,NULL,0.09,4.0,NULL,NULL,62
3/25/2014 1:00:00 PM,22,NULL,0.07,1.8,NULL,NULL,63
3/26/2014 1:00:00 PM,24,NULL,0.08,1.8,NULL,NULL,64
3/27/2014 1:00:00 PM,24,2,0.06,2.6,NULL,NULL,65
3/30/2014 1:00:00 PM,27,NULL,0.07,4.0,NULL,NULL,66
3/31/2014 1:00:00 PM,30,NULL,0.07,3.9,NULL,NULL,67
4/1/2014 1:00:00 PM,28,NULL,0.05,1.6,NULL,NULL,68
4/2/2014 1:00:00 PM,29,2,0.06,1.5,12,10,69
4/3/2014 1:00:00 PM,25,NULL,0.06,4.0,NULL,NULL,70
4/6/2014 2:00:00 PM,31,NULL,0.06,2.3,NULL,NULL,71
4/7/2014 2:00:00 PM,26,NULL,0.05,1.9,NULL,NULL,72
4/8/2014 2:00:00 PM,22,2,0.07,1.5,NULL,NULL,73
4/9/2014 2:00:00 PM,26,NULL,0.06,2.7,NULL,NULL,74
4/10/2014 2:00:00 PM,25,NULL,0.04,2.3,NULL,NULL,75
4/13/2014 2:00:00 PM,28,NULL,0.09,3.4,NULL,NULL,76
4/14/2014 2:00:00 PM,27,2,0.07,1.0,16,15,77
4/15/2014 2:00:00 PM,28,NULL,0.07,2.4,NULL,NULL,78
4/16/2014 2:00:00 PM,29,NULL,0.08,2.3,NULL,NULL,79
4/18/2014 2:00:00 PM,23,NULL,0.70,2.6,NULL,NULL,80
4/21/2014 2:00:00 PM,14,2,0.10,2.0,NULL,NULL,81
4/22/2014 2:00:00 PM,15,NULL,0.09,2.4,NULL,NULL,82
4/23/2014 2:00:00 PM,15,NULL,0.08,2.0,NULL,NULL,83
4/25/2014 2:00:00 PM,15,NULL,0.07,2.1,NULL,NULL,84
4/27/2014 2:00:00 PM,18,2,0.06,1.0,23,21,85
4/28/2014 2:00:00 PM,17,NULL,0.06,1.0,NULL,NULL,86
4/29/2014 2:00:00 PM,13,NULL,0.05,1.0,NULL,NULL,87
4/30/2014 2:00:00 PM,10,NULL,0.05,1.3,NULL,NULL,88
5/1/2014 2:00:00 PM,17,NULL,0.05,1.3,NULL,NULL,89
5/4/2014 2:00:00 PM,18,NULL,0.09,2.4,NULL,NULL,90
5/5/2014 2:00:00 PM,16,2,0.10,2.7,NULL,NULL,91
5/6/2014 2:00:00 PM,22,NULL,0.09,1.0,NULL,NULL,92
5/7/2014 2:00:00 PM,30,NULL,0.11,2.6,NULL,NULL,93
5/8/2014 2:00:00 PM,21,NULL,0.08,1.0,NULL,NULL,94
5/11/2014 2:00:00 PM,20,NULL,0.07,2.0,NULL,NULL,95
5/12/2014 2:00:00 PM,14,NULL,0.05,2.0,NULL,NULL,96
5/13/2014 2:00:00 PM,20,2,0.07,0.9,14,13,97
5/14/2014 2:00:00 PM,19,NULL,0.10,2.5,NULL,NULL,98
5/15/2014 2:00:00 PM,25,NULL,0.07,2.5,NULL,NULL,99
5/18/2014 2:00:00 PM,21,NULL,0.07,3.0,NULL,NULL,100
9/30/2014 9:00:00 PM,NULL,3,0.10,2.4,15,12,101
10/6/2014 1:00:00 PM,24,NULL,0.08,4.0,NULL,NULL,102
10/6/2014 8:00:00 PM,NULL,2,0.10,NULL,NULL,NULL,103
10/7/2014 1:00:00 PM,35,NULL,0.07,2.6,NULL,NULL,104
10/8/2014 1:00:00 PM,29,NULL,0.08,4.0,NULL,NULL,105
10/9/2014 1:00:00 PM,29,NULL,0.10,3.3,NULL,NULL,106
10/12/2014 1:00:00 PM,33,NULL,0.09,3.5,NULL,NULL,107
10/12/2014 8:00:00 PM,NULL,3,0.10,2.9,19,16,108
10/13/2014 1:00:00 PM,21,NULL,0.10,3.0,NULL,NULL,109
10/14/2014 1:00:00 PM,26,NULL,0.09,1.1,NULL,NULL,110
10/15/2014 1:00:00 PM,26,NULL,0.08,3.4,NULL,NULL,111
10/16/2014 1:00:00 PM,28,NULL,0.06,2.2,NULL,NULL,112
10/19/2014 1:00:00 PM,30,NULL,0.10,4.0,NULL,NULL,113
10/20/2014 1:00:00 PM,33,NULL,0.08,2.4,NULL,NULL,114
10/20/2014 8:00:00 PM,NULL,2,0.10,NULL,NULL,NULL,115
10/21/2014 1:00:00 PM,26,NULL,0.10,3.9,NULL,NULL,116
10/22/2014 1:00:00 PM,29,NULL,0.08,3.4,NULL,NULL,117
10/23/2014 1:00:00 PM,33,NULL,0.09,2.7,NULL,NULL,118
10/26/2014 1:00:00 PM,31,NULL,0.05,5.7,NULL,NULL,119
10/27/2014 1:00:00 PM,24,NULL,0.24,2.0,NULL,NULL,120
10/28/2014 1:00:00 PM,28,NULL,0.10,4.6,NULL,NULL,121
10/28/2014 8:00:00 PM,NULL,3,0.20,2.2,13,10,122
10/29/2014 1:00:00 PM,25,NULL,0.12,3.0,NULL,NULL,123
10/30/2014 1:00:00 PM,24,NULL,0.12,2.7,NULL,NULL,124
11/2/2014 1:00:00 PM,27,NULL,0.11,4.0,NULL,NULL,125
11/4/2014 1:00:00 PM,19,NULL,0.10,3.0,NULL,NULL,126
11/5/2014 1:00:00 PM,26,NULL,0.07,3.0,NULL,NULL,127
11/5/2014 8:00:00 PM,NULL,2,0.20,NULL,NULL,NULL,128
11/6/2014 1:00:00 PM,21,NULL,0.15,1.9,NULL,NULL,129
11/9/2014 1:00:00 PM,24,NULL,0.11,1.4,NULL,NULL,130
11/10/2014 1:00:00 PM,12,NULL,0.09,1.6,NULL,NULL,131
11/11/2014 1:00:00 PM,17,NULL,0.10,2.0,NULL,NULL,132
11/12/2014 1:00:00 PM,23,NULL,0.11,2.8,NULL,NULL,133
11/13/2014 1:00:00 PM,22,2,0.09,2.0,11,9,134
11/16/2014 1:00:00 PM,18,NULL,0.10,2.0,NULL,NULL,135
11/17/2014 1:00:00 PM,15,NULL,0.07,2.5,NULL,NULL,136
11/18/2014 1:00:00 PM,21,NULL,0.10,2.6,NULL,NULL,137
11/19/2014 1:00:00 PM,27,NULL,0.07,2.6,NULL,NULL,138
11/19/2014 8:00:00 PM,NULL,2,0.20,NULL,NULL,NULL,139
11/20/2014 1:00:00 PM,17,NULL,0.05,3.9,NULL,NULL,140
11/23/2014 1:00:00 PM,22,NULL,0.06,3.7,NULL,NULL,141
11/24/2014 1:00:00 PM,20,NULL,0.09,4.0,NULL,NULL,142
11/25/2014 1:00:00 PM,18,NULL,0.04,2.2,NULL,NULL,143
11/25/2014 8:00:00 PM,NULL,2,0.10,1.2,14,13,144
11/26/2014 1:00:00 PM,22,NULL,0.05,2.2,NULL,NULL,145
11/27/2014 1:00:00 PM,16,NULL,0.06,1.8,NULL,NULL,146
11/30/2014 1:00:00 PM,16,NULL,0.09,1.5,NULL,NULL,147
12/1/2014 1:00:00 PM,16,NULL,0.07,3.7,NULL,NULL,148
12/2/2014 1:00:00 PM,15,NULL,0.08,2.5,NULL,NULL,149
12/3/2014 1:00:00 PM,16,NULL,0.08,3.0,NULL,NULL,150
2/3/2015 1:00:00 PM,23,NULL,0.09,1.7,NULL,NULL,151
2/4/2015 1:00:00 PM,33,NULL,0.07,3.0,NULL,NULL,152
2/4/2015 8:00:00 PM,NULL,2,0.10,2.3,14,12,153
2/5/2015 1:00:00 PM,30,NULL,0.07,2.3,NULL,NULL,154
2/8/2015 1:00:00 PM,28,NULL,0.07,2.3,NULL,NULL,155
2/9/2015 1:00:00 PM,28,NULL,0.05,1.8,NULL,NULL,156
2/10/2015 1:00:00 PM,29,NULL,0.07,2.0,NULL,NULL,157
2/10/2015 8:00:00 PM,NULL,2,0.10,NULL,NULL,NULL,158
2/11/2015 1:00:00 PM,25,NULL,0.06,2.8,NULL,NULL,159
2/12/2015 1:00:00 PM,26,NULL,0.07,2.0,NULL,NULL,160
2/14/2015 1:00:00 PM,23,NULL,0.06,1.4,NULL,NULL,161
2/15/2015 1:00:00 PM,21,NULL,0.08,1.6,NULL,NULL,162
2/16/2015 1:00:00 PM,27,NULL,0.07,2.9,NULL,NULL,163
2/16/2015 8:00:00 PM,NULL,2,0.10,1.8,13,11,164
2/17/2015 1:00:00 PM,28,NULL,0.08,3.0,NULL,NULL,165
2/18/2015 1:00:00 PM,29,NULL,0.08,3.5,NULL,NULL,166
2/19/2015 1:00:00 PM,32,NULL,0.08,2.9,NULL,NULL,167
2/22/2015 1:00:00 PM,32,NULL,0.07,2.1,NULL,NULL,168
2/22/2015 8:00:00 PM,NULL,4,0.10,NULL,NULL,NULL,169
2/23/2015 1:00:00 PM,27,NULL,0.08,2.1,NULL,NULL,170
2/24/2015 1:00:00 PM,24,NULL,0.07,2.8,NULL,NULL,171
2/25/2015 1:00:00 PM,28,NULL,0.07,2.0,NULL,NULL,172
2/26/2015 1:00:00 PM,34,NULL,0.09,3.9,NULL,NULL,173
3/1/2015 1:00:00 PM,30,NULL,0.08,1.7,NULL,NULL,174
3/2/2015 1:00:00 PM,28,NULL,0.06,1.9,NULL,NULL,175
3/2/2015 8:00:00 PM,NULL,2,0.10,1.3,17,15,176
3/3/2015 1:00:00 PM,28,NULL,0.07,24.0,NULL,NULL,177
3/4/2015 1:00:00 PM,35,NULL,0.09,1.7,NULL,NULL,178
3/5/2015 1:00:00 PM,39,NULL,0.09,1.7,NULL,NULL,179
3/6/2015 1:00:00 PM,29,NULL,0.09,2.3,NULL,NULL,180
3/9/2015 1:00:00 PM,35,NULL,0.09,3.2,NULL,NULL,181
3/10/2015 1:00:00 PM,28,NULL,0.09,2.0,NULL,NULL,182
3/10/2015 8:00:00 PM,NULL,4,0.10,NULL,NULL,NULL,183
3/11/2015 1:00:00 PM,35,NULL,0.08,2.5,NULL,NULL,184
3/12/2015 1:00:00 PM,38,NULL,0.06,1.9,NULL,NULL,185
3/15/2015 1:00:00 PM,28,NULL,0.07,3.7,NULL,NULL,186
3/16/2015 1:00:00 PM,28,NULL,0.05,1.7,NULL,NULL,187
3/17/2015 1:00:00 PM,27,NULL,0.07,1.6,NULL,NULL,188
3/18/2015 1:00:00 PM,33,NULL,0.80,1.4,NULL,NULL,189
3/18/2015 8:00:00 PM,NULL,3,0.10,1.7,12,11,190
3/19/2015 1:00:00 PM,30,NULL,0.08,3.1,NULL,NULL,191
3/22/2015 1:00:00 PM,33,NULL,0.09,2.0,NULL,NULL,192
3/23/2015 1:00:00 PM,35,NULL,0.08,3.6,NULL,NULL,193
3/24/2015 1:00:00 PM,31,NULL,0.08,1.4,NULL,NULL,194
3/25/2015 1:00:00 PM,34,NULL,0.08,1.7,NULL,NULL,195
3/26/2015 1:00:00 PM,33,NULL,0.08,1.2,NULL,NULL,196
3/26/2015 8:00:00 PM,NULL,3,0.10,NULL,NULL,NULL,197
3/29/2015 1:00:00 PM,40,NULL,0.08,1.1,NULL,NULL,198
3/30/2015 1:00:00 PM,24,NULL,0.08,1.8,NULL,NULL,199
3/30/2015 8:00:00 PM,NULL,3,0.10,1.6,16,15,200
5/19/2014 2:00:00 PM,24,NULL,0.10,4.3,NULL,NULL,201
7/24/2014 2:00:00 PM,32,NULL,0.07,2.4,NULL,NULL,202
7/24/2014 9:00:00 PM,NULL,2,0.10,1.1,13,12,203
7/27/2014 2:00:00 PM,25,NULL,0.06,1.7,NULL,NULL,204
7/28/2014 2:00:00 PM,27,NULL,0.05,1.4,NULL,NULL,205
7/29/2014 2:00:00 PM,19,NULL,0.05,1.6,NULL,NULL,206
7/30/2014 2:00:00 PM,24,NULL,0.04,1.6,NULL,NULL,207
7/30/2014 9:00:00 PM,NULL,2,0.60,NULL,NULL,NULL,208
7/31/2014 2:00:00 PM,25,NULL,0.06,1.3,NULL,NULL,209
8/3/2014 2:00:00 PM,20,NULL,0.07,2.5,NULL,NULL,210
8/4/2014 2:00:00 PM,20,NULL,0.06,1.2,NULL,NULL,211
8/5/2014 2:00:00 PM,20,NULL,0.09,1.5,NULL,NULL,212
8/5/2014 9:00:00 PM,NULL,3,0.20,1.1,16,15,213
8/6/2014 2:00:00 PM,28,NULL,0.06,1.5,NULL,NULL,214
8/7/2014 2:00:00 PM,28,NULL,0.09,1.8,NULL,NULL,215
8/8/2014 2:00:00 PM,22,NULL,0.05,2.7,NULL,NULL,216
8/10/2014 2:00:00 PM,22,NULL,0.10,1.6,NULL,NULL,217
8/11/2014 2:00:00 PM,21,NULL,0.07,1.7,NULL,NULL,218
8/11/2014 9:00:00 PM,NULL,3,0.10,NULL,NULL,NULL,219
8/12/2014 2:00:00 PM,22,NULL,0.09,1.2,NULL,NULL,220
8/13/2014 2:00:00 PM,25,NULL,0.06,1.7,NULL,NULL,221
8/14/2014 2:00:00 PM,27,NULL,0.09,1.8,NULL,NULL,222
8/17/2014 2:00:00 PM,30,NULL,0.10,2.0,NULL,NULL,223
8/17/2014 9:00:00 PM,NULL,2,0.20,1.3,17,16,224
8/18/2014 2:00:00 PM,34,NULL,0.20,1.3,NULL,NULL,225
8/19/2014 2:00:00 PM,28,NULL,0.15,3.0,NULL,NULL,226
8/20/2014 2:00:00 PM,32,NULL,0.18,4.0,NULL,NULL,227
8/21/2014 2:00:00 PM,28,NULL,0.10,1.8,NULL,NULL,228
8/24/2014 2:00:00 PM,23,NULL,0.13,2.5,NULL,NULL,229
8/25/2014 2:00:00 PM,20,NULL,0.09,1.4,NULL,NULL,230
8/25/2014 9:00:00 PM,NULL,2,0.10,NULL,NULL,NULL,231
8/26/2014 2:00:00 PM,24,NULL,0.16,1.4,NULL,NULL,232
8/27/2014 2:00:00 PM,30,NULL,0.20,2.0,NULL,NULL,233
8/28/2014 2:00:00 PM,32,NULL,0.10,2.3,NULL,NULL,234
8/31/2014 2:00:00 PM,24,NULL,0.15,4.0,NULL,NULL,235
9/1/2014 2:00:00 PM,24,NULL,0.16,3.5,NULL,NULL,236
9/2/2014 2:00:00 PM,25,NULL,0.16,3.0,NULL,NULL,237
9/2/2014 9:00:00 PM,NULL,2,0.10,1.1,16,15,238
9/3/2014 2:00:00 PM,33,NULL,0.25,2.0,NULL,NULL,239
9/4/2014 2:00:00 PM,27,NULL,0.10,2.6,NULL,NULL,240
9/7/2014 2:00:00 PM,20,NULL,0.09,3.4,NULL,NULL,241
9/8/2014 2:00:00 PM,21,NULL,0.06,5.0,NULL,NULL,242
9/9/2014 2:00:00 PM,21,NULL,0.11,3.2,NULL,NULL,243
9/10/2014 2:00:00 PM,30,NULL,0.30,5.3,NULL,NULL,244
9/10/2014 9:00:00 PM,NULL,2,0.30,NULL,NULL,NULL,245
9/11/2014 2:00:00 PM,21,NULL,0.28,5.7,NULL,NULL,246
9/14/2014 2:00:00 PM,18,NULL,0.06,2.3,NULL,NULL,247
9/15/2014 2:00:00 PM,21,NULL,0.07,2.6,NULL,NULL,248
9/16/2014 2:00:00 PM,27,NULL,0.08,1.8,NULL,NULL,249
9/18/2014 9:00:00 PM,NULL,2,0.10,2.3,13,11,250
9/24/2014 9:00:00 PM,NULL,5,0.70,NULL,NULL,NULL,251
5/20/2014 2:00:00 PM,21,NULL,0.07,3.3,NULL,NULL,252
5/21/2014 2:00:00 PM,28,2,0.06,1.5,NULL,NULL,253
5/22/2014 2:00:00 PM,25,NULL,0.06,1.4,NULL,NULL,254
5/25/2014 2:00:00 PM,23,NULL,0.22,2.3,NULL,NULL,255
5/26/2014 2:00:00 PM,21,NULL,0.09,2.2,NULL,NULL,256
5/27/2014 2:00:00 PM,16,NULL,0.05,1.4,NULL,NULL,257
5/28/2014 2:00:00 PM,26,NULL,0.05,2.0,NULL,NULL,258
5/29/2014 2:00:00 PM,24,2,0.04,1.3,12,11,259
6/1/2014 2:00:00 PM,22,NULL,0.07,3.9,NULL,NULL,260
6/2/2014 2:00:00 PM,29,NULL,0.08,1.0,NULL,NULL,261
6/3/2014 2:00:00 PM,17,NULL,0.08,1.4,NULL,NULL,262
6/4/2014 2:00:00 PM,35,2,0.05,1.5,NULL,NULL,263
6/5/2014 2:00:00 PM,24,NULL,0.15,1.5,NULL,NULL,264
6/6/2014 2:00:00 PM,26,NULL,0.12,2.2,NULL,NULL,265
6/9/2014 2:00:00 PM,20,NULL,0.06,2.5,NULL,NULL,266
6/10/2014 2:00:00 PM,15,2,0.07,0.8,22,21,267
6/11/2014 2:00:00 PM,21,NULL,0.07,2.0,NULL,NULL,268
6/12/2014 2:00:00 PM,24,NULL,0.06,2.1,NULL,NULL,269
6/15/2014 2:00:00 PM,31,NULL,0.14,2.5,NULL,NULL,270
6/16/2014 2:00:00 PM,22,2,0.10,2.9,NULL,NULL,271
6/17/2014 2:00:00 PM,28,NULL,0.09,2.9,NULL,NULL,272
6/18/2014 2:00:00 PM,21,NULL,0.10,2.1,NULL,NULL,273
6/19/2014 2:00:00 PM,26,NULL,0.07,2.6,NULL,NULL,274
6/22/2014 2:00:00 PM,26,2,0.06,1.1,17,16,275
6/23/2014 2:00:00 PM,24,NULL,0.07,1.7,NULL,NULL,276
6/24/2014 2:00:00 PM,20,NULL,0.12,2.6,NULL,NULL,277
6/25/2014 2:00:00 PM,20,NULL,0.06,2.6,NULL,NULL,278
6/26/2014 2:00:00 PM,21,NULL,0.05,1.0,NULL,NULL,279
6/29/2014 2:00:00 PM,25,NULL,0.08,1.7,NULL,NULL,280
6/30/2014 2:00:00 PM,20,NULL,0.09,1.7,NULL,NULL,281
6/30/2014 9:00:00 PM,NULL,2,0.10,NULL,NULL,NULL,282
7/1/2014 2:00:00 PM,19,NULL,0.09,3.0,NULL,NULL,283
7/2/2014 2:00:00 PM,23,NULL,0.08,1.6,NULL,NULL,284
7/3/2014 2:00:00 PM,31,NULL,0.08,2.3,NULL,NULL,285
7/6/2014 2:00:00 PM,29,NULL,0.07,1.6,NULL,NULL,286
7/7/2014 2:00:00 PM,23,NULL,0.05,1.8,NULL,NULL,287
7/8/2014 2:00:00 PM,22,3,0.05,1.0,16,15,288
7/9/2014 2:00:00 PM,25,NULL,0.06,1.5,NULL,NULL,289
7/10/2014 2:00:00 PM,21,NULL,0.07,1.9,NULL,NULL,290
7/13/2014 2:00:00 PM,21,NULL,0.05,2.8,NULL,NULL,291
7/14/2014 2:00:00 PM,21,NULL,0.06,2.5,NULL,NULL,292
7/15/2014 2:00:00 PM,19,NULL,0.06,2.5,NULL,NULL,293
7/16/2014 2:00:00 PM,27,NULL,0.07,2.9,NULL,NULL,294
7/16/2014 9:00:00 PM,NULL,3,0.10,NULL,NULL,NULL,295
7/17/2014 2:00:00 PM,23,NULL,0.10,3.2,NULL,NULL,296
7/20/2014 2:00:00 PM,27,NULL,0.09,2.2,NULL,NULL,297
7/21/2014 2:00:00 PM,30,NULL,0.07,2.0,NULL,NULL,298
7/22/2014 2:00:00 PM,29,NULL,0.06,2.7,NULL,NULL,299
7/23/2014 2:00:00 PM,27,NULL,0.05,1.5,NULL,NULL,300
3/31/2015 1:00:00 PM,30,NULL,0.11,1.4,NULL,NULL,301
4/1/2015 1:00:00 PM,33,NULL,0.12,2.5,NULL,NULL,302
4/3/2015 1:00:00 PM,31,NULL,0.10,2.1,NULL,NULL,303
4/6/2015 2:00:00 PM,25,NULL,0.11,1.4,NULL,NULL,304
4/7/2015 2:00:00 PM,24,NULL,0.07,4.0,NULL,NULL,305
4/7/2015 9:00:00 PM,NULL,2,0.10,NULL,NULL,NULL,306
4/8/2015 2:00:00 PM,31,NULL,0.08,1.2,NULL,NULL,307
4/9/2015 2:00:00 PM,32,NULL,0.08,1.4,NULL,NULL,308
4/12/2015 2:00:00 PM,37,NULL,0.08,1.8,NULL,NULL,309
4/13/2015 2:00:00 PM,24,NULL,0.08,1.2,NULL,NULL,310
4/14/2015 2:00:00 PM,30,NULL,0.09,1.8,NULL,NULL,311
4/15/2015 2:00:00 PM,34,NULL,0.07,1.8,NULL,NULL,312
4/15/2015 9:00:00 PM,NULL,3,0.10,1.6,20,19,313
4/16/2015 2:00:00 PM,30,NULL,0.10,2.2,NULL,NULL,314
4/19/2015 2:00:00 PM,32,NULL,0.10,0.7,NULL,NULL,315
4/20/2015 2:00:00 PM,22,NULL,0.15,2.3,NULL,NULL,316
4/21/2015 2:00:00 PM,31,NULL,0.07,1.7,NULL,NULL,317
4/22/2015 2:00:00 PM,22,NULL,0.09,2.4,NULL,NULL,318
4/23/2015 2:00:00 PM,32,NULL,0.05,2.7,NULL,NULL,319
4/23/2015 9:00:00 PM,NULL,3,0.10,NULL,NULL,NULL,320
4/26/2015 2:00:00 PM,34,NULL,0.12,3.0,NULL,NULL,321
4/27/2015 2:00:00 PM,36,NULL,0.10,1.9,NULL,NULL,322
4/28/2015 2:00:00 PM,32,NULL,0.10,2.9,NULL,NULL,323
4/29/2015 2:00:00 PM,32,NULL,0.08,1.1,NULL,NULL,324
4/29/2015 9:00:00 PM,NULL,3,0.10,1.7,16,15,325
4/30/2015 2:00:00 PM,40,NULL,0.10,1.6,NULL,NULL,326
5/3/2015 2:00:00 PM,31,NULL,0.09,1.2,NULL,NULL,327
5/4/2015 2:00:00 PM,40,NULL,0.09,2.0,NULL,NULL,328
5/5/2015 2:00:00 PM,34,NULL,0.07,1.0,NULL,NULL,329
5/6/2015 2:00:00 PM,29,NULL,0.07,4.0,NULL,NULL,330
5/7/2015 2:00:00 PM,33,NULL,0.07,2.3,NULL,NULL,331
5/7/2015 9:00:00 PM,NULL,3,0.10,NULL,NULL,NULL,332
5/10/2015 2:00:00 PM,32,NULL,0.11,1.4,NULL,NULL,333
5/11/2015 2:00:00 PM,30,NULL,0.10,1.2,NULL,NULL,334
5/12/2015 2:00:00 PM,31,NULL,0.07,2.2,NULL,NULL,335
5/13/2015 2:00:00 PM,33,NULL,0.04,1.8,NULL,NULL,336
5/13/2015 9:00:00 PM,NULL,2,0.10,2.2,14,11,337
5/14/2015 2:00:00 PM,29,NULL,0.05,1.6,NULL,NULL,338
5/17/2015 2:00:00 PM,29,NULL,0.10,1.3,NULL,NULL,339
5/18/2015 2:00:00 PM,34,NULL,0.09,2.8,NULL,NULL,340
5/19/2015 2:00:00 PM,33,NULL,0.12,1.1,NULL,NULL,341
5/19/2015 9:00:00 PM,NULL,4,0.10,NULL,NULL,NULL,342
5/20/2015 2:00:00 PM,32,NULL,0.16,2.0,NULL,NULL,343
5/21/2015 2:00:00 PM,36,NULL,0.13,1.1,NULL,NULL,344
5/24/2015 2:00:00 PM,32,NULL,0.12,1.7,NULL,NULL,345
5/25/2015 2:00:00 PM,36,NULL,0.10,1.2,NULL,NULL,346
5/25/2015 9:00:00 PM,NULL,3,0.10,2.2,20,17,347
5/26/2015 2:00:00 PM,27,NULL,0.09,3.4,NULL,NULL,348
5/27/2015 2:00:00 PM,35,NULL,0.11,1.8,NULL,NULL,349
5/28/2015 2:00:00 PM,37,NULL,0.09,2.3,NULL,NULL,350
1/1/2014 1:00:00 PM,30,NULL,0.10,1.5,NULL,NULL,351
1/2/2014 1:00:00 PM,31,NULL,0.06,2.0,NULL,NULL,352
1/5/2014 1:00:00 PM,33,NULL,0.05,4.0,NULL,NULL,353
1/6/2014 1:00:00 PM,25,NULL,0.03,5.0,NULL,NULL,354
1/6/2014 8:30:00 PM,NULL,2,0.10,1.3,20,19,355
1/7/2014 1:00:00 PM,30,NULL,0.05,1.8,NULL,NULL,356
1/8/2014 1:00:00 PM,35,NULL,0.05,2.0,NULL,NULL,357
1/9/2014 1:00:00 PM,27,NULL,0.05,1.9,NULL,NULL,358
1/12/2014 1:00:00 PM,26,NULL,0.05,3.2,NULL,NULL,359
1/13/2014 1:00:00 PM,30,NULL,0.05,1.5,NULL,NULL,360
1/14/2014 1:00:00 PM,35,2,0.60,4.3,NULL,NULL,361
1/15/2014 1:00:00 PM,29,NULL,0.10,4.0,NULL,NULL,362
1/16/2014 1:00:00 PM,30,NULL,0.02,2.2,NULL,NULL,363
1/19/2014 1:00:00 PM,31,NULL,0.04,5.0,NULL,NULL,364
1/20/2014 1:00:00 PM,20,NULL,0.03,2.1,NULL,NULL,365
1/21/2014 1:00:00 PM,20,NULL,0.03,2.1,NULL,NULL,366
1/22/2014 1:00:00 PM,26,2,0.03,1.6,12,10,367
1/23/2014 1:00:00 PM,27,NULL,0.04,3.3,NULL,NULL,368
1/24/2014 1:00:00 PM,25,NULL,0.06,3.5,NULL,NULL,369
1/27/2014 1:00:00 PM,26,NULL,0.08,3.3,NULL,NULL,370
1/28/2014 1:00:00 PM,27,NULL,0.07,4.4,NULL,NULL,371
1/29/2014 1:00:00 PM,20,NULL,0.04,1.7,NULL,NULL,372
1/30/2014 1:00:00 PM,28,3,0.05,1.0,NULL,NULL,373
2/2/2014 1:00:00 PM,19,NULL,0.06,2.0,NULL,NULL,374
2/3/2014 1:00:00 PM,14,NULL,0.03,3.8,NULL,NULL,375
2/4/2014 1:00:00 PM,22,NULL,0.04,2.0,NULL,NULL,376
2/5/2014 1:00:00 PM,29,4,0.05,1.7,14,12,377
2/6/2014 1:00:00 PM,20,NULL,0.04,3.0,NULL,NULL,378
2/9/2014 1:00:00 PM,21,NULL,0.05,4.2,NULL,NULL,379
2/10/2014 1:00:00 PM,16,NULL,0.05,1.8,NULL,NULL,380
2/11/2014 1:00:00 PM,14,NULL,0.05,1.3,NULL,NULL,381
2/11/2014 8:00:00 PM,NULL,2,0.10,NULL,NULL,NULL,382
2/12/2014 1:00:00 PM,24,NULL,0.05,3.3,NULL,NULL,383
2/13/2014 1:00:00 PM,16,NULL,0.06,3.3,NULL,NULL,384
2/16/2014 1:00:00 PM,22,NULL,0.05,1.2,NULL,NULL,385
2/17/2014 1:00:00 PM,20,5,0.05,1.4,16,15,386
2/18/2014 1:00:00 PM,16,NULL,0.06,2.6,NULL,NULL,387
2/19/2014 1:00:00 PM,19,NULL,0.05,2.3,NULL,NULL,388
2/20/2014 1:00:00 PM,23,NULL,0.05,1.9,NULL,NULL,389
2/23/2014 1:00:00 PM,17,NULL,0.05,1.5,NULL,NULL,390
2/23/2014 8:00:00 PM,NULL,2,0.10,NULL,NULL,NULL,391
2/24/2014 1:00:00 PM,11,NULL,0.03,2.1,NULL,NULL,392
2/25/2014 1:00:00 PM,16,NULL,0.04,1.6,NULL,NULL,393
2/26/2014 1:00:00 PM,22,NULL,0.04,2.3,NULL,NULL,394
2/27/2014 1:00:00 PM,16,NULL,0.04,1.2,NULL,NULL,395
3/2/2014 1:00:00 PM,16,NULL,0.04,1.2,NULL,NULL,396
3/3/2014 1:00:00 PM,18,3,0.03,1.2,12,10,397
3/4/2014 1:00:00 PM,19,NULL,0.03,1.4,NULL,NULL,398
3/5/2014 1:00:00 PM,16,NULL,0.03,1.3,NULL,NULL,399
3/6/2014 1:00:00 PM,20,NULL,0.04,1.6,NULL,NULL,400
5/31/2015 2:00:00 PM,33,NULL,0.09,1.6,NULL,NULL,401
5/31/2015 9:00:00 PM,NULL,2,0.10,NULL,NULL,NULL,402
6/1/2015 2:00:00 PM,28,NULL,0.14,1.3,NULL,NULL,403
6/2/2015 2:00:00 PM,32,NULL,0.08,1.6,NULL,NULL,404
6/3/2015 2:00:00 PM,62,NULL,0.10,1.5,NULL,NULL,405
6/4/2015 2:00:00 PM,34,NULL,0.10,3.0,NULL,NULL,406
6/5/2015 2:00:00 PM,35,NULL,0.11,2.3,NULL,NULL,407
6/8/2015 2:00:00 PM,44,NULL,0.07,1.2,NULL,NULL,408
6/8/2015 9:00:00 PM,NULL,4,0.10,1.6,17,16,409
6/9/2015 2:00:00 PM,40,NULL,0.09,2.0,NULL,NULL,410
6/10/2015 2:00:00 PM,33,NULL,0.07,3.0,NULL,NULL,411
6/11/2015 2:00:00 PM,29,NULL,0.07,2.0,NULL,NULL,412
6/14/2015 2:00:00 PM,35,NULL,0.07,1.2,NULL,NULL,413
6/15/2015 2:00:00 PM,32,NULL,0.06,1.6,NULL,NULL,414
6/16/2015 2:00:00 PM,27,NULL,0.06,2.3,NULL,NULL,415
6/16/2015 9:00:00 PM,NULL,2,0.10,NULL,NULL,NULL,416
6/17/2015 2:00:00 PM,20,NULL,0.14,2.2,NULL,NULL,417
6/18/2015 2:00:00 PM,19,NULL,0.07,2.0,NULL,NULL,418
6/21/2015 2:00:00 PM,19,NULL,0.14,2.0,NULL,NULL,419
6/22/2015 2:00:00 PM,16,NULL,0.10,4.0,NULL,NULL,420
6/23/2015 2:00:00 PM,15,NULL,0.09,2.3,NULL,NULL,421
6/24/2015 2:00:00 PM,22,NULL,0.06,2.0,NULL,NULL,422
6/24/2015 9:00:00 PM,NULL,6,0.10,2.2,12,10,423
6/25/2015 2:00:00 PM,29,NULL,0.07,2.1,NULL,NULL,424
6/28/2015 2:00:00 PM,27,NULL,0.12,3.4,NULL,NULL,425
6/29/2015 2:00:00 PM,18,NULL,0.08,2.7,NULL,NULL,426
6/30/2015 2:00:00 PM,18,NULL,0.08,2.7,NULL,NULL,427
7/1/2015 2:00:00 PM,17,NULL,0.08,2.4,NULL,NULL,428
7/2/2015 2:00:00 PM,19,NULL,0.08,3.1,NULL,NULL,429
7/2/2015 9:00:00 PM,NULL,4,0.10,NULL,NULL,NULL,430
7/5/2015 2:00:00 PM,15,NULL,0.10,2.7,NULL,NULL,431
7/6/2015 2:00:00 PM,18,NULL,0.08,2.8,NULL,NULL,432
7/7/2015 2:00:00 PM,15,NULL,0.11,2.0,NULL,NULL,433
7/8/2015 2:00:00 PM,23,NULL,0.11,2.0,NULL,NULL,434
7/8/2015 9:00:00 PM,NULL,3,0.10,2.0,15,13,435
7/9/2015 2:00:00 PM,25,NULL,0.10,2.9,NULL,NULL,436
7/12/2015 2:00:00 PM,16,NULL,0.23,3.3,NULL,NULL,437
7/13/2015 2:00:00 PM,15,NULL,0.10,4.0,NULL,NULL,438
7/14/2015 2:00:00 PM,14,NULL,0.09,3.0,NULL,NULL,439
7/14/2015 9:00:00 PM,NULL,3,0.10,NULL,NULL,NULL,440
7/15/2015 2:00:00 PM,17,NULL,0.09,2.3,NULL,NULL,441
7/16/2015 2:00:00 PM,17,NULL,0.09,2.3,NULL,NULL,442
7/19/2015 2:00:00 PM,16,NULL,0.10,1.4,NULL,NULL,443
7/20/2015 2:00:00 PM,16,NULL,0.10,2.0,NULL,NULL,444
7/20/2015 9:00:00 PM,NULL,2,0.10,1.2,20,18,445
7/21/2015 2:00:00 PM,24,NULL,0.11,3.7,NULL,NULL,446
7/22/2015 2:00:00 PM,20,NULL,0.11,2.7,NULL,NULL,447
7/23/2015 2:00:00 PM,23,NULL,0.09,2.0,NULL,NULL,448
7/26/2015 2:00:00 PM,16,NULL,0.12,2.4,NULL,NULL,449
7/26/2015 9:00:00 PM,NULL,2,0.10,NULL,NULL,NULL,450
9/23/2015 2:00:00 PM,18,NULL,0.04,1.4,NULL,NULL,451
7/27/2015 2:00:00 PM,11,NULL,0.12,3.4,NULL,NULL,452
1/21/2016 8:00:00 PM,NULL,3,0.10,1.4,7,6,453
3/21/2016 8:00:00 PM,NULL,2,0.10,NULL,NULL,NULL,454
3/22/2016 1:00:00 PM,24,NULL,0.06,2.3,NULL,NULL,455
3/23/2016 1:00:00 PM,25,NULL,0.10,1.6,NULL,NULL,456
3/25/2016 1:00:00 PM,26,NULL,0.07,2.3,NULL,NULL,457
3/28/2016 1:00:00 PM,24,NULL,0.08,1.6,NULL,NULL,458
3/29/2016 1:00:00 PM,20,NULL,0.06,1.2,NULL,NULL,459
3/29/2016 8:00:00 PM,NULL,2,0.10,1.1,22,21,460
3/30/2016 1:00:00 PM,27,NULL,0.07,1.6,NULL,NULL,461
3/31/2016 1:00:00 PM,28,NULL,0.08,2.2,NULL,NULL,462
4/3/2016 2:00:00 PM,25,NULL,0.07,2.0,NULL,NULL,463
4/3/2016 9:00:00 PM,NULL,2,0.10,NULL,NULL,NULL,464
4/4/2016 2:00:00 PM,5,NULL,0.05,2.9,NULL,NULL,465
4/6/2016 2:00:00 PM,25,NULL,0.20,3.0,NULL,NULL,466
4/7/2016 2:00:00 PM,15,NULL,0.10,3.0,NULL,NULL,467
4/10/2016 2:00:00 PM,25,NULL,0.04,2.3,NULL,NULL,468
4/11/2016 2:00:00 PM,26,NULL,0.02,1.8,NULL,NULL,469
4/11/2016 9:00:00 PM,NULL,2,0.10,1.6,19,18,470
4/12/2016 2:00:00 PM,20,NULL,0.07,3.0,NULL,NULL,471
4/13/2016 2:00:00 PM,30,NULL,0.08,1.8,NULL,NULL,472
4/14/2016 2:00:00 PM,35,NULL,0.07,2.0,NULL,NULL,473
4/17/2016 2:00:00 PM,20,NULL,0.09,2.0,NULL,NULL,474
4/18/2016 2:00:00 PM,25,NULL,0.09,3.0,NULL,NULL,475
4/19/2016 2:00:00 PM,26,NULL,0.09,2.5,NULL,NULL,476
4/19/2016 9:00:00 PM,NULL,4,0.10,NULL,NULL,NULL,477
4/20/2016 2:00:00 PM,31,NULL,0.06,3.9,NULL,NULL,478
4/21/2016 2:00:00 PM,26,NULL,0.09,2.1,NULL,NULL,479
4/22/2016 2:00:00 PM,30,NULL,0.09,2.3,NULL,NULL,480
4/25/2016 2:00:00 PM,20,NULL,0.10,3.3,NULL,NULL,481
4/26/2016 2:00:00 PM,21,NULL,0.10,1.9,NULL,NULL,482
4/27/2016 2:00:00 PM,34,NULL,0.09,2.7,NULL,NULL,483
4/27/2016 9:00:00 PM,NULL,4,0.10,0.3,13,13,484
4/28/2016 2:00:00 PM,30,NULL,0.09,2.8,NULL,NULL,485
5/1/2016 2:00:00 PM,27,NULL,0.10,2.0,NULL,NULL,486
5/2/2016 2:00:00 PM,25,NULL,0.06,1.5,NULL,NULL,487
5/3/2016 2:00:00 PM,26,NULL,0.06,3.7,NULL,NULL,488
5/4/2016 2:00:00 PM,30,NULL,0.06,1.0,NULL,NULL,489
5/5/2016 2:00:00 PM,20,NULL,0.06,3.0,NULL,NULL,490
5/5/2016 9:00:00 PM,NULL,3,0.10,NULL,NULL,NULL,491
5/8/2016 2:00:00 PM,24,NULL,0.09,1.6,NULL,NULL,492
5/9/2016 2:00:00 PM,15,NULL,0.08,2.7,NULL,NULL,493
5/10/2016 2:00:00 PM,24,NULL,0.08,2.0,NULL,NULL,494
5/11/2016 2:00:00 PM,23,NULL,0.08,1.7,NULL,NULL,495
5/11/2016 9:00:00 PM,NULL,3,0.10,1.9,14,12,496
5/12/2016 2:00:00 PM,30,NULL,0.07,3.5,NULL,NULL,497
5/15/2016 2:00:00 PM,26,NULL,0.09,2.7,NULL,NULL,498
5/16/2016 2:00:00 PM,21,NULL,0.06,1.9,NULL,NULL,499
5/17/2016 2:00:00 PM,20,NULL,0.09,1.7,NULL,NULL,500
5/17/2016 9:00:00 PM,NULL,3,0.10,NULL,NULL,NULL,501
5/18/2016 2:00:00 PM,30,NULL,0.08,3.0,NULL,NULL,502
5/19/2016 2:00:00 PM,30,NULL,0.07,2.4,NULL,NULL,503
1/24/2016 1:00:00 PM,16,NULL,0.07,1.1,NULL,NULL,504
1/26/2016 1:00:00 PM,15,NULL,0.10,1.4,NULL,NULL,505
1/27/2016 1:00:00 PM,20,NULL,0.06,1.0,NULL,NULL,506
1/27/2016 8:00:00 PM,NULL,4,0.10,NULL,NULL,NULL,507
1/28/2016 1:00:00 PM,20,NULL,0.06,3.0,NULL,NULL,508
1/31/2016 1:00:00 PM,20,NULL,0.08,3.0,NULL,NULL,509
2/1/2016 1:00:00 PM,16,NULL,0.05,2.0,NULL,NULL,510
2/2/2016 1:00:00 PM,16,NULL,0.05,2.9,NULL,NULL,511
2/2/2016 8:00:00 PM,NULL,2,0.10,0.9,12,11,512
2/3/2016 1:00:00 PM,20,NULL,0.09,2.0,NULL,NULL,513
2/4/2016 1:00:00 PM,20,NULL,0.10,1.6,NULL,NULL,514
2/7/2016 1:00:00 PM,19,NULL,0.07,1.4,NULL,NULL,515
2/8/2016 1:00:00 PM,16,NULL,0.06,2.7,NULL,NULL,516
2/8/2016 8:00:00 PM,NULL,2,0.10,NULL,NULL,NULL,517
2/9/2016 1:00:00 PM,16,NULL,0.05,1.5,NULL,NULL,518
2/10/2016 1:00:00 PM,15,NULL,0.07,2.0,NULL,NULL,519
2/11/2016 1:00:00 PM,14,NULL,0.07,1.8,NULL,NULL,520
2/14/2016 1:00:00 PM,23,NULL,0.06,1.4,NULL,NULL,521
2/14/2016 8:00:00 PM,NULL,2,0.10,1.3,13,11,522
2/15/2016 1:00:00 PM,17,NULL,0.09,7.0,NULL,NULL,523
2/16/2016 1:00:00 PM,14,NULL,0.07,4.0,NULL,NULL,524
2/17/2016 1:00:00 PM,19,NULL,0.06,4.0,NULL,NULL,525
2/18/2016 1:00:00 PM,20,NULL,0.08,1.8,NULL,NULL,526
2/21/2016 1:00:00 PM,24,NULL,0.08,1.8,NULL,NULL,527
2/22/2016 1:00:00 PM,20,NULL,0.07,1.4,NULL,NULL,528
2/22/2016 8:00:00 PM,NULL,2,0.10,NULL,NULL,NULL,529
2/23/2016 1:00:00 PM,18,NULL,0.10,1.5,NULL,NULL,530
2/24/2016 1:00:00 PM,23,NULL,0.10,3.0,NULL,NULL,531
2/25/2016 1:00:00 PM,20,NULL,0.10,3.2,NULL,NULL,532
2/28/2016 1:00:00 PM,15,NULL,0.08,2.1,NULL,NULL,533
2/29/2016 1:00:00 PM,16,NULL,0.08,1.5,NULL,NULL,534
3/1/2016 1:00:00 PM,20,NULL,0.07,2.0,NULL,NULL,535
3/2/2016 1:00:00 PM,28,NULL,0.06,2.1,NULL,NULL,536
3/2/2016 8:00:00 PM,NULL,3,0.10,1.0,12,11,537
3/3/2016 1:00:00 PM,25,NULL,0.06,2.4,NULL,NULL,538
3/6/2016 1:00:00 PM,25,NULL,0.09,1.3,NULL,NULL,539
3/7/2016 1:00:00 PM,30,NULL,0.06,2.0,NULL,NULL,540
3/8/2016 1:00:00 PM,19,NULL,0.07,1.2,NULL,NULL,541
3/9/2016 1:00:00 PM,25,NULL,0.07,3.6,NULL,NULL,542
3/10/2016 1:00:00 PM,25,NULL,0.06,1.8,NULL,NULL,543
3/10/2016 8:00:00 PM,NULL,2,0.10,NULL,NULL,NULL,544
3/11/2016 1:00:00 PM,28,NULL,0.06,2.0,NULL,NULL,545
3/14/2016 1:00:00 PM,25,NULL,0.08,1.8,NULL,NULL,546
3/15/2016 1:00:00 PM,20,NULL,0.06,1.5,NULL,NULL,547
3/16/2016 1:00:00 PM,27,NULL,0.05,1.8,NULL,NULL,548
3/16/2016 8:00:00 PM,NULL,2,0.10,1.2,16,15,549
3/17/2016 1:00:00 PM,29,NULL,0.06,2.3,NULL,NULL,550
3/20/2016 1:00:00 PM,30,NULL,0.10,3.0,NULL,NULL,551
3/21/2016 1:00:00 PM,20,NULL,0.06,2.4,NULL,NULL,552
7/28/2015 2:00:00 PM,10,NULL,0.07,4.0,NULL,NULL,553
9/24/2015 2:00:00 PM,12,NULL,0.09,3.2,NULL,NULL,554
9/27/2015 2:00:00 PM,13,NULL,0.10,2.2,NULL,NULL,555
9/28/2015 2:00:00 PM,13,NULL,0.04,2.2,NULL,NULL,556
9/29/2015 2:00:00 PM,13,NULL,0.03,1.9,NULL,NULL,557
9/30/2015 2:00:00 PM,19,NULL,0.05,2.5,NULL,NULL,558
9/30/2015 9:00:00 PM,NULL,3,0.10,2.0,13,11,559
10/2/2015 2:00:00 PM,19,NULL,0.04,2.4,NULL,NULL,560
10/4/2015 1:00:00 PM,15,NULL,0.11,2.4,NULL,NULL,561
10/5/2015 1:00:00 PM,12,NULL,0.05,2.1,NULL,NULL,562
10/6/2015 1:00:00 PM,9,NULL,0.06,2.1,NULL,NULL,563
10/7/2015 1:00:00 PM,18,NULL,0.05,1.9,NULL,NULL,564
10/8/2015 1:00:00 PM,22,NULL,0.06,2.1,NULL,NULL,565
10/8/2015 8:00:00 PM,NULL,3,0.10,NULL,NULL,NULL,566
10/11/2015 1:00:00 PM,12,NULL,0.08,2.9,NULL,NULL,567
10/12/2015 1:00:00 PM,12,NULL,0.06,2.2,NULL,NULL,568
10/13/2015 1:00:00 PM,12,NULL,0.04,2.5,NULL,NULL,569
10/14/2015 1:00:00 PM,14,NULL,0.06,2.4,NULL,NULL,570
10/14/2015 8:00:00 PM,NULL,2,0.10,1.3,12,10,571
10/15/2015 1:00:00 PM,14,NULL,0.09,2.5,NULL,NULL,572
10/18/2015 1:00:00 PM,15,NULL,0.08,2.9,NULL,NULL,573
10/19/2015 1:00:00 PM,18,NULL,0.08,2.7,NULL,NULL,574
10/20/2015 1:00:00 PM,16,NULL,0.09,1.8,NULL,NULL,575
10/20/2015 8:00:00 PM,NULL,4,0.10,NULL,NULL,NULL,576
10/21/2015 1:00:00 PM,16,NULL,0.09,3.6,NULL,NULL,577
10/22/2015 1:00:00 PM,15,NULL,0.09,2.6,NULL,NULL,578
10/25/2015 1:00:00 PM,17,NULL,0.08,1.5,NULL,NULL,579
10/26/2015 1:00:00 PM,20,NULL,0.08,1.3,NULL,NULL,580
10/26/2015 8:00:00 PM,NULL,2,0.10,1.6,15,13,581
10/27/2015 1:00:00 PM,22,NULL,0.08,2.3,NULL,NULL,582
10/28/2015 1:00:00 PM,20,NULL,0.10,2.6,NULL,NULL,583
10/29/2015 1:00:00 PM,21,NULL,0.10,1.6,NULL,NULL,584
11/1/2015 1:00:00 PM,10,NULL,0.08,1.7,NULL,NULL,585
11/3/2015 1:00:00 PM,10,NULL,0.08,1.9,NULL,NULL,586
11/3/2015 8:00:00 PM,NULL,3,0.10,NULL,NULL,NULL,587
11/4/2015 1:00:00 PM,20,NULL,0.09,3.6,NULL,NULL,588
11/5/2015 1:00:00 PM,15,NULL,0.07,3.2,NULL,NULL,589
11/8/2015 1:00:00 PM,16,NULL,0.07,2.7,NULL,NULL,590
11/9/2015 1:00:00 PM,10,NULL,0.07,2.1,NULL,NULL,591
11/10/2015 1:00:00 PM,20,NULL,0.07,3.0,NULL,NULL,592
11/11/2015 1:00:00 PM,17,NULL,0.11,2.4,NULL,NULL,593
11/11/2015 8:00:00 PM,NULL,2,0.20,1.7,14,12,594
11/12/2015 1:00:00 PM,22,NULL,0.11,2.4,NULL,NULL,595
11/15/2015 1:00:00 PM,15,NULL,0.08,1.6,NULL,NULL,596
11/16/2015 1:00:00 PM,10,NULL,0.08,2.2,NULL,NULL,597
11/17/2015 1:00:00 PM,10,NULL,0.09,1.5,NULL,NULL,598
11/18/2015 1:00:00 PM,15,NULL,0.10,2.4,NULL,NULL,599
11/19/2015 1:00:00 PM,16,NULL,0.07,0.8,NULL,NULL,600
11/19/2015 8:00:00 PM,NULL,3,0.10,NULL,NULL,NULL,601
11/22/2015 1:00:00 PM,26,NULL,0.10,2.0,NULL,NULL,602
7/29/2015 2:00:00 PM,15,NULL,0.07,4.0,NULL,NULL,603
7/30/2015 2:00:00 PM,19,NULL,0.07,2.0,NULL,NULL,604
8/2/2015 2:00:00 PM,17,NULL,0.06,1.4,NULL,NULL,605
8/3/2015 2:00:00 PM,15,NULL,0.06,1.7,NULL,NULL,606
8/3/2015 9:00:00 PM,NULL,2,0.10,1.2,18,17,607
8/4/2015 2:00:00 PM,10,NULL,0.07,3.0,NULL,NULL,608
8/5/2015 2:00:00 PM,20,NULL,0.09,2.1,NULL,NULL,609
8/6/2015 2:00:00 PM,19,NULL,0.07,2.0,NULL,NULL,610
8/9/2015 2:00:00 PM,13,NULL,0.06,3.0,NULL,NULL,611
8/10/2015 2:00:00 PM,25,NULL,0.11,4.0,NULL,NULL,612
8/11/2015 2:00:00 PM,17,NULL,0.09,2.0,NULL,NULL,613
8/11/2015 9:00:00 PM,NULL,2,0.10,NULL,NULL,NULL,614
8/12/2015 2:00:00 PM,22,NULL,0.08,2.5,NULL,NULL,615
8/13/2015 2:00:00 PM,26,NULL,0.09,2.0,NULL,NULL,616
8/16/2015 2:00:00 PM,21,NULL,0.10,2.7,NULL,NULL,617
8/17/2015 2:00:00 PM,20,NULL,0.07,2.1,NULL,NULL,618
8/18/2015 2:00:00 PM,16,NULL,0.10,1.9,NULL,NULL,619
8/19/2015 2:00:00 PM,15,NULL,0.11,2.9,NULL,NULL,620
8/19/2015 9:00:00 PM,NULL,3,0.20,1.5,13,12,621
8/20/2015 2:00:00 PM,23,NULL,0.16,2.6,NULL,NULL,622
8/23/2015 2:00:00 PM,15,NULL,0.16,2.7,NULL,NULL,623
8/24/2015 2:00:00 PM,20,NULL,0.05,2.3,NULL,NULL,624
8/25/2015 2:00:00 PM,18,NULL,0.05,1.7,NULL,NULL,625
8/26/2015 2:00:00 PM,17,NULL,0.05,1.0,NULL,NULL,626
8/27/2015 2:00:00 PM,14,NULL,0.08,1.5,NULL,NULL,627
8/27/2015 9:00:00 PM,NULL,3,0.10,NULL,NULL,NULL,628
8/30/2015 2:00:00 PM,17,NULL,0.08,3.0,NULL,NULL,629
8/31/2015 2:00:00 PM,19,NULL,0.09,2.6,NULL,NULL,630
9/1/2015 2:00:00 PM,17,NULL,0.10,2.3,NULL,NULL,631
9/2/2015 2:00:00 PM,20,NULL,0.08,2.8,NULL,NULL,632
9/2/2015 9:00:00 PM,NULL,2,0.10,1.7,13,12,633
9/3/2015 2:00:00 PM,20,NULL,0.07,2.3,NULL,NULL,634
9/6/2015 2:00:00 PM,16,NULL,0.07,1.9,NULL,NULL,635
9/7/2015 2:00:00 PM,15,NULL,0.10,1.0,NULL,NULL,636
9/8/2015 2:00:00 PM,16,NULL,0.07,2.3,NULL,NULL,637
9/8/2015 9:00:00 PM,NULL,2,0.10,NULL,NULL,NULL,638
9/9/2015 2:00:00 PM,20,NULL,0.07,2.2,NULL,NULL,639
9/10/2015 2:00:00 PM,20,NULL,0.08,1.6,NULL,NULL,640
9/13/2015 2:00:00 PM,18,NULL,0.06,1.6,NULL,NULL,641
9/14/2015 2:00:00 PM,12,NULL,0.04,1.6,NULL,NULL,642
9/14/2015 9:00:00 PM,NULL,2,0.10,1.3,16,15,643
9/15/2015 2:00:00 PM,14,NULL,0.06,1.5,NULL,NULL,644
9/16/2015 2:00:00 PM,16,NULL,0.07,1.6,NULL,NULL,645
9/17/2015 2:00:00 PM,16,NULL,0.05,1.6,NULL,NULL,646
9/20/2015 2:00:00 PM,16,NULL,0.05,2.1,NULL,NULL,647
9/20/2015 9:00:00 PM,NULL,3,0.10,NULL,NULL,NULL,648
9/21/2015 2:00:00 PM,12,NULL,0.06,1.8,NULL,NULL,649
9/22/2015 2:00:00 PM,12,NULL,0.06,2.1,NULL,NULL,650
11/23/2015 1:00:00 PM,25,NULL,0.07,1.2,NULL,NULL,651
11/24/2015 1:00:00 PM,26,NULL,0.06,3.0,NULL,NULL,652
11/25/2015 1:00:00 PM,27,NULL,0.07,2.0,NULL,NULL,653
11/25/2015 8:00:00 PM,NULL,3,0.10,1.6,13,11,654
11/26/2015 1:00:00 PM,29,NULL,0.08,1.6,NULL,NULL,655
11/29/2015 1:00:00 PM,22,NULL,0.07,2.0,NULL,NULL,656
11/30/2015 1:00:00 PM,21,NULL,0.07,2.4,NULL,NULL,657
12/1/2015 1:00:00 PM,25,NULL,0.09,2.0,NULL,NULL,658
12/1/2015 8:00:00 PM,NULL,2,0.10,NULL,NULL,NULL,659
12/2/2015 1:00:00 PM,24,NULL,0.10,4.0,NULL,NULL,660
12/3/2015 1:00:00 PM,24,NULL,0.09,2.8,NULL,NULL,661
12/6/2015 1:00:00 PM,20,NULL,0.09,1.6,NULL,NULL,662
12/7/2015 1:00:00 PM,20,NULL,0.10,1.4,NULL,NULL,663
12/7/2015 8:00:00 PM,NULL,2,0.10,2.3,21,18,664
12/8/2015 1:00:00 PM,25,NULL,0.09,1.4,NULL,NULL,665
12/9/2015 1:00:00 PM,20,NULL,0.06,1.7,NULL,NULL,666
12/10/2015 1:00:00 PM,27,NULL,0.09,2.1,NULL,NULL,667
12/13/2015 1:00:00 PM,16,NULL,0.05,1.6,NULL,NULL,668
12/13/2015 8:00:00 PM,NULL,4,0.10,NULL,NULL,NULL,669
12/15/2015 1:00:00 PM,25,NULL,0.07,1.7,NULL,NULL,670
12/16/2015 1:00:00 PM,25,NULL,0.07,3.2,NULL,NULL,671
12/17/2015 1:00:00 PM,22,NULL,0.08,2.7,NULL,NULL,672
12/20/2015 1:00:00 PM,22,NULL,0.10,1.8,NULL,NULL,673
12/21/2015 1:00:00 PM,21,NULL,0.09,1.4,NULL,NULL,674
12/21/2015 8:00:00 PM,NULL,3,0.10,1.1,19,18,675
12/22/2015 1:00:00 PM,27,NULL,0.09,1.9,NULL,NULL,676
12/23/2015 1:00:00 PM,30,NULL,0.06,1.6,NULL,NULL,677
12/25/2015 1:00:00 PM,30,NULL,0.06,2.4,NULL,NULL,678
12/28/2015 1:00:00 PM,16,NULL,0.06,2.0,NULL,NULL,679
12/28/2015 8:00:00 PM,NULL,2,0.10,NULL,NULL,NULL,680
12/29/2015 1:00:00 PM,24,NULL,0.05,0.8,NULL,NULL,681
12/30/2015 1:00:00 PM,23,NULL,0.05,2.5,NULL,NULL,682
1/1/2016 1:00:00 PM,16,NULL,0.04,2.3,NULL,NULL,683
1/3/2016 1:00:00 PM,22,NULL,0.06,2.0,NULL,NULL,684
1/4/2016 1:00:00 PM,25,NULL,0.06,2.0,NULL,NULL,685
1/5/2016 1:00:00 PM,20,NULL,0.07,1.8,NULL,NULL,686
1/5/2016 8:00:00 PM,NULL,2,0.10,1.1,18,17,687
1/6/2016 1:00:00 PM,26,NULL,0.07,3.0,NULL,NULL,688
1/7/2016 1:00:00 PM,24,NULL,0.06,3.0,NULL,NULL,689
1/10/2016 1:00:00 PM,20,NULL,0.09,2.1,NULL,NULL,690
1/11/2016 1:00:00 PM,20,NULL,0.07,1.2,NULL,NULL,691
1/12/2016 1:00:00 PM,17,NULL,0.07,2.1,NULL,NULL,692
1/13/2016 1:00:00 PM,20,NULL,0.06,3.0,NULL,NULL,693
1/13/2016 8:00:00 PM,NULL,2,0.10,NULL,NULL,NULL,694
1/14/2016 1:00:00 PM,20,NULL,0.06,2.6,NULL,NULL,695
1/17/2016 1:00:00 PM,16,NULL,0.07,2.5,NULL,NULL,696
1/18/2016 1:00:00 PM,13,NULL,0.06,3.2,NULL,NULL,697
1/19/2016 1:00:00 PM,16,NULL,0.09,1.9,NULL,NULL,698
1/20/2016 1:00:00 PM,15,NULL,0.08,2.4,NULL,NULL,699
1/21/2016 1:00:00 PM,18,NULL,0.05,2.0,NULL,NULL,700
7/18/2016 9:00:00 PM,NULL,2,0.10,NULL,NULL,NULL,701
7/19/2016 2:00:00 PM,22,NULL,0.07,1.7,NULL,NULL,702
7/20/2016 2:00:00 PM,28,NULL,0.18,1.8,NULL,NULL,703
7/21/2016 2:00:00 PM,31,NULL,0.09,1.8,NULL,NULL,704
7/24/2016 2:00:00 PM,13,NULL,0.05,2.3,NULL,NULL,705
7/25/2016 2:00:00 PM,18,NULL,0.03,1.2,NULL,NULL,706
7/26/2016 2:00:00 PM,22,NULL,0.04,1.9,NULL,NULL,707
7/26/2016 9:00:00 PM,NULL,2,0.10,1.6,14,13,708
7/27/2016 2:00:00 PM,24,NULL,0.05,1.8,NULL,NULL,709
7/28/2016 2:00:00 PM,24,NULL,0.04,1.9,NULL,NULL,710
7/31/2016 2:00:00 PM,27,NULL,0.09,3.2,NULL,NULL,711
8/1/2016 2:00:00 PM,10,NULL,0.11,2.9,NULL,NULL,712
8/2/2016 2:00:00 PM,20,NULL,0.10,2.0,NULL,NULL,713
8/3/2016 2:00:00 PM,26,NULL,0.10,2.2,NULL,NULL,714
8/3/2016 9:00:00 PM,NULL,2,0.10,NULL,NULL,NULL,715
8/4/2016 2:00:00 PM,26,NULL,0.10,1.9,NULL,NULL,716
8/7/2016 2:00:00 PM,25,NULL,0.07,2.2,NULL,NULL,717
8/8/2016 2:00:00 PM,25,NULL,0.09,1.8,NULL,NULL,718
8/9/2016 2:00:00 PM,28,NULL,0.07,4.0,NULL,NULL,719
8/10/2016 2:00:00 PM,25,NULL,0.08,2.4,NULL,NULL,720
8/11/2016 2:00:00 PM,28,NULL,0.10,2.8,NULL,NULL,721
8/11/2016 9:00:00 PM,NULL,6,0.10,1.6,13,11,722
8/14/2016 2:00:00 PM,26,NULL,0.10,1.9,NULL,NULL,723
8/15/2016 2:00:00 PM,24,NULL,0.10,2.0,NULL,NULL,724
8/16/2016 2:00:00 PM,25,NULL,0.09,1.5,NULL,NULL,725
8/17/2016 2:00:00 PM,25,NULL,0.10,3.9,NULL,NULL,726
8/17/2016 9:00:00 PM,NULL,3,0.10,NULL,NULL,NULL,727
8/18/2016 2:00:00 PM,34,NULL,0.10,2.4,NULL,NULL,728
8/21/2016 2:00:00 PM,25,NULL,0.10,2.1,NULL,NULL,729
8/22/2016 2:00:00 PM,26,NULL,0.12,2.5,NULL,NULL,730
8/23/2016 2:00:00 PM,20,NULL,0.10,1.8,NULL,NULL,731
8/23/2016 9:00:00 PM,NULL,2,0.10,1.4,15,14,732
8/24/2016 2:00:00 PM,25,NULL,0.10,1.5,NULL,NULL,733
8/25/2016 2:00:00 PM,30,NULL,0.10,NULL,NULL,NULL,734
8/28/2016 2:00:00 PM,30,NULL,0.20,1.8,NULL,NULL,735
8/29/2016 2:00:00 PM,30,NULL,0.15,2.2,NULL,NULL,736
8/29/2016 9:00:00 PM,NULL,2,0.10,NULL,NULL,NULL,737
8/30/2016 2:00:00 PM,30,NULL,0.11,2.0,NULL,NULL,738
8/31/2016 2:00:00 PM,30,NULL,0.09,2.0,NULL,NULL,739
9/1/2016 2:00:00 PM,30,NULL,0.09,3.0,NULL,NULL,740
9/4/2016 2:00:00 PM,30,NULL,0.12,5.1,NULL,NULL,741
9/5/2016 2:00:00 PM,26,NULL,0.10,2.2,NULL,NULL,742
9/6/2016 2:00:00 PM,30,NULL,0.21,7.0,NULL,NULL,743
9/6/2016 9:00:00 PM,NULL,3,0.10,1.7,17,15,744
9/7/2016 2:00:00 PM,25,NULL,0.07,2.0,NULL,NULL,745
9/8/2016 2:00:00 PM,26,NULL,0.08,2.0,NULL,NULL,746
9/11/2016 2:00:00 PM,35,NULL,0.14,1.7,NULL,NULL,747
9/12/2016 2:00:00 PM,10,NULL,0.06,2.6,NULL,NULL,748
9/13/2016 2:00:00 PM,33,NULL,0.20,1.6,NULL,NULL,749
9/14/2016 2:00:00 PM,34,NULL,0.30,1.7,NULL,NULL,750
5/22/2016 2:00:00 PM,22,NULL,0.11,2.8,NULL,NULL,751
5/23/2016 2:00:00 PM,20,NULL,0.07,1.9,NULL,NULL,752
5/23/2016 9:00:00 PM,NULL,2,0.10,1.9,20,18,753
5/24/2016 2:00:00 PM,25,NULL,0.07,2.3,NULL,NULL,754
5/25/2016 2:00:00 PM,16,NULL,0.07,1.5,NULL,NULL,755
5/26/2016 2:00:00 PM,30,NULL,0.07,2.8,NULL,NULL,756
5/29/2016 2:00:00 PM,26,NULL,0.12,1.6,NULL,NULL,757
5/30/2016 2:00:00 PM,28,NULL,0.12,1.7,NULL,NULL,758
5/31/2016 2:00:00 PM,30,NULL,0.08,2.0,NULL,NULL,759
5/31/2016 9:00:00 PM,NULL,3,0.10,NULL,NULL,NULL,760
6/1/2016 2:00:00 PM,24,NULL,0.09,2.8,NULL,NULL,761
6/2/2016 2:00:00 PM,30,NULL,0.11,3.5,NULL,NULL,762
6/5/2016 2:00:00 PM,24,NULL,0.13,1.6,NULL,NULL,763
6/6/2016 2:00:00 PM,21,NULL,0.10,2.4,NULL,NULL,764
6/7/2016 2:00:00 PM,25,NULL,0.07,3.0,NULL,NULL,765
6/8/2016 2:00:00 PM,27,NULL,0.08,2.8,NULL,NULL,766
6/8/2016 9:00:00 PM,NULL,3,0.10,1.9,14,12,767
6/9/2016 2:00:00 PM,30,NULL,0.06,2.7,NULL,NULL,768
6/10/2016 2:00:00 PM,31,NULL,0.11,1.0,NULL,NULL,769
6/13/2016 2:00:00 PM,28,NULL,0.17,2.8,NULL,NULL,770
6/14/2016 2:00:00 PM,20,NULL,0.12,1.7,NULL,NULL,771
6/15/2016 2:00:00 PM,26,NULL,0.19,2.6,NULL,NULL,772
6/16/2016 2:00:00 PM,29,NULL,0.20,1.9,NULL,NULL,773
6/16/2016 9:00:00 PM,NULL,3,0.10,NULL,NULL,NULL,774
6/19/2016 2:00:00 PM,20,NULL,0.22,1.8,NULL,NULL,775
6/20/2016 2:00:00 PM,23,NULL,0.17,3.9,NULL,NULL,776
6/21/2016 2:00:00 PM,26,NULL,0.21,1.9,NULL,NULL,777
6/22/2016 2:00:00 PM,29,NULL,0.20,2.0,NULL,NULL,778
6/22/2016 9:00:00 PM,NULL,2,0.20,1.6,14,13,779
6/23/2016 2:00:00 PM,30,NULL,0.17,2.6,NULL,NULL,780
6/26/2016 2:00:00 PM,25,NULL,0.10,1.9,NULL,NULL,781
6/27/2016 2:00:00 PM,28,NULL,0.10,3.0,NULL,NULL,782
6/28/2016 2:00:00 PM,30,NULL,0.09,2.6,NULL,NULL,783
6/28/2016 9:00:00 PM,NULL,2,0.10,NULL,NULL,NULL,784
6/29/2016 2:00:00 PM,30,NULL,0.09,2.2,NULL,NULL,785
6/30/2016 2:00:00 PM,30,NULL,0.08,3.9,NULL,NULL,786
7/3/2016 2:00:00 PM,28,NULL,0.12,2.3,NULL,NULL,787
7/4/2016 2:00:00 PM,25,NULL,0.10,2.2,NULL,NULL,788
7/4/2016 9:00:00 PM,NULL,3,0.10,NULL,NULL,NULL,789
7/5/2016 2:00:00 PM,23,NULL,0.11,2.9,NULL,NULL,790
7/6/2016 2:00:00 PM,28,NULL,0.11,2.5,NULL,NULL,791
7/7/2016 2:00:00 PM,30,NULL,0.07,1.0,NULL,NULL,792
7/10/2016 2:00:00 PM,20,NULL,0.10,2.0,NULL,NULL,793
7/10/2016 9:00:00 PM,NULL,2,0.10,1.2,22,19,794
7/11/2016 2:00:00 PM,24,NULL,0.10,6.0,NULL,NULL,795
7/12/2016 2:00:00 PM,30,NULL,0.07,2.4,NULL,NULL,796
7/13/2016 2:00:00 PM,30,NULL,0.08,2.0,NULL,NULL,797
7/14/2016 2:00:00 PM,23,NULL,0.10,2.0,NULL,NULL,798
7/17/2016 2:00:00 PM,23,NULL,0.14,1.6,NULL,NULL,799
7/18/2016 2:00:00 PM,23,NULL,0.11,1.1,NULL,NULL,800
9/14/2016 9:00:00 PM,NULL,3,0.20,NULL,NULL,NULL,801
9/15/2016 2:00:00 PM,30,NULL,0.16,2.0,NULL,NULL,802
9/18/2016 2:00:00 PM,29,NULL,0.10,2.4,NULL,NULL,803
9/19/2016 2:00:00 PM,29,NULL,0.10,2.2,NULL,NULL,804
9/20/2016 2:00:00 PM,22,NULL,0.04,3.0,NULL,NULL,805
9/21/2016 2:00:00 PM,28,NULL,0.09,2.0,NULL,NULL,806
9/22/2016 2:00:00 PM,40,NULL,0.07,2.8,NULL,NULL,807
9/22/2016 9:00:00 PM,NULL,3,0.10,2.2,12,10,808
5/11/2017 2:32:00 AM,35,NULL,0.05,3.4,NULL,NULL,809
11/13/2016 1:00:00 PM,15,NULL,0.16,1.8,NULL,NULL,810
9/25/2016 2:00:00 PM,30,NULL,0.09,3.2,NULL,NULL,811
9/26/2016 2:00:00 PM,25,NULL,0.09,2.4,NULL,NULL,812
9/27/2016 2:00:00 PM,24,NULL,0.07,2.5,NULL,NULL,813
9/28/2016 2:00:00 PM,30,NULL,0.07,1.8,NULL,NULL,814
9/28/2016 9:00:00 PM,NULL,3,0.10,NULL,NULL,NULL,815
9/30/2016 2:00:00 PM,35,NULL,0.13,1.9,NULL,NULL,816
10/2/2016 1:00:00 PM,23,NULL,0.08,1.1,NULL,NULL,817
10/3/2016 1:00:00 PM,27,NULL,0.08,2.1,NULL,NULL,818
10/4/2016 1:00:00 PM,30,NULL,0.08,1.9,NULL,NULL,819
10/4/2016 8:00:00 PM,NULL,4,0.10,1.5,15,13,820
10/5/2016 1:00:00 PM,30,NULL,0.08,1.8,NULL,NULL,821
10/6/2016 1:00:00 PM,20,NULL,0.08,3.0,NULL,NULL,822
10/9/2016 1:00:00 PM,20,NULL,0.12,2.4,NULL,NULL,823
10/10/2016 1:00:00 PM,25,NULL,0.08,2.4,NULL,NULL,824
10/10/2016 8:00:00 PM,NULL,2,0.10,NULL,NULL,NULL,825
10/11/2016 1:00:00 PM,25,NULL,0.08,1.5,NULL,NULL,826
10/12/2016 1:00:00 PM,35,NULL,0.08,2.2,NULL,NULL,827
10/13/2016 1:00:00 PM,29,NULL,0.10,1.7,NULL,NULL,828
10/16/2016 1:00:00 PM,30,NULL,0.08,3.2,NULL,NULL,829
10/16/2016 8:00:00 PM,NULL,2,0.20,1.7,19,18,830
10/17/2016 1:00:00 PM,20,NULL,0.11,1.7,NULL,NULL,831
10/18/2016 1:00:00 PM,25,NULL,0.07,2.5,NULL,NULL,832
10/19/2016 1:00:00 PM,30,NULL,0.08,1.3,NULL,NULL,833
10/20/2016 1:00:00 PM,25,NULL,0.07,1.6,NULL,NULL,834
10/23/2016 1:00:00 PM,25,NULL,0.09,1.8,NULL,NULL,835
10/24/2016 1:00:00 PM,25,NULL,0.07,1.9,NULL,NULL,836
10/24/2016 8:00:00 PM,NULL,2,0.10,NULL,NULL,NULL,837
10/25/2016 1:00:00 PM,30,NULL,0.09,1.7,NULL,NULL,838
10/26/2016 1:00:00 PM,20,NULL,0.09,2.4,NULL,NULL,839
10/27/2016 1:00:00 PM,35,NULL,0.09,2.6,NULL,NULL,840
10/30/2016 1:00:00 PM,27,NULL,0.10,2.6,NULL,NULL,841
11/1/2016 1:00:00 PM,20,NULL,0.07,2.0,NULL,NULL,842
11/2/2016 1:00:00 PM,30,NULL,0.09,1.6,NULL,NULL,843
11/2/2016 8:00:00 PM,NULL,3,0.10,1.3,20,19,844
11/3/2016 1:00:00 PM,30,NULL,0.11,2.9,NULL,NULL,845
11/6/2016 1:00:00 PM,20,NULL,0.07,2.7,NULL,NULL,846
11/7/2016 1:00:00 PM,25,NULL,0.07,2.0,NULL,NULL,847
11/8/2016 1:00:00 PM,20,NULL,0.12,2.0,NULL,NULL,848
11/9/2016 1:00:00 PM,25,NULL,0.07,1.6,NULL,NULL,849
11/10/2016 1:00:00 PM,30,NULL,0.05,2.5,NULL,NULL,850
11/10/2016 8:00:00 PM,NULL,2,0.10,NULL,NULL,NULL,851
11/12/2016 1:00:00 PM,30,NULL,0.09,1.6,NULL,NULL,852
1/10/2017 1:00:00 PM,25,NULL,0.11,2.2,NULL,NULL,853
7/9/2017 9:00:00 PM,NULL,2,0.10,1.1,17,16,854
5/12/2017 2:48:00 AM,35,NULL,0.10,4.0,NULL,NULL,855
7/10/2017 2:58:00 AM,30,NULL,0.11,1.8,NULL,NULL,856
1/11/2017 1:00:00 PM,30,NULL,0.09,3.0,NULL,NULL,857
5/15/2017 3:30:00 AM,35,NULL,0.09,2.5,NULL,NULL,858
11/14/2016 1:00:00 PM,24,NULL,0.07,1.7,NULL,NULL,859
7/11/2017 2:57:00 AM,30,NULL,0.12,1.6,NULL,NULL,860
1/11/2017 8:00:00 PM,NULL,2,0.10,2.0,11,9,861
5/16/2017 2:59:00 AM,35,NULL,0.07,1.7,NULL,NULL,862
11/15/2016 1:00:00 PM,17,NULL,0.10,4.0,NULL,NULL,863
7/12/2017 3:04:00 AM,25,NULL,0.08,1.2,NULL,NULL,864
1/12/2017 1:00:00 PM,27,NULL,0.09,1.7,NULL,NULL,865
5/16/2017 9:00:00 PM,NULL,2,0.10,1.8,15,13,866
11/16/2016 1:00:00 PM,20,NULL,0.07,3.0,NULL,NULL,867
7/13/2017 2:00:00 AM,35,NULL,0.09,1.6,NULL,NULL,868
1/15/2017 1:00:00 PM,29,NULL,0.10,4.0,NULL,NULL,869
5/17/2017 3:03:00 AM,35,NULL,0.06,2.9,NULL,NULL,870
11/16/2016 8:00:00 PM,NULL,4,0.10,1.5,14,13,871
7/14/2017 1:57:00 AM,34,NULL,0.09,1.6,NULL,NULL,872
1/16/2017 1:00:00 PM,25,NULL,0.09,5.0,NULL,NULL,873
5/18/2017 2:09:00 AM,35,NULL,0.10,3.0,NULL,NULL,874
11/17/2016 1:00:00 PM,30,NULL,0.07,2.2,NULL,NULL,875
7/17/2017 4:12:00 AM,35,NULL,0.13,1.7,NULL,NULL,876
1/17/2017 1:00:00 PM,20,NULL,0.07,2.9,NULL,NULL,877
5/19/2017 3:32:00 AM,30,NULL,0.07,2.3,NULL,NULL,878
11/20/2016 1:00:00 PM,16,NULL,0.05,1.1,NULL,NULL,879
7/17/2017 9:00:00 PM,NULL,3,0.10,NULL,NULL,NULL,880
1/17/2017 8:00:00 PM,NULL,2,0.10,NULL,NULL,NULL,881
5/22/2017 3:29:00 AM,30,NULL,0.11,2.9,NULL,NULL,882
11/21/2016 1:00:00 PM,15,NULL,0.13,1.6,NULL,NULL,883
7/18/2017 3:56:00 AM,35,NULL,0.11,2.9,NULL,NULL,884
1/18/2017 1:00:00 PM,20,NULL,0.07,4.0,NULL,NULL,885
5/22/2017 9:00:00 PM,NULL,2,0.10,NULL,NULL,NULL,886
11/22/2016 1:00:00 PM,15,NULL,0.08,1.9,NULL,NULL,887
7/19/2017 2:37:00 AM,33,NULL,0.14,2.7,NULL,NULL,888
1/19/2017 1:00:00 PM,20,NULL,0.08,3.1,NULL,NULL,889
5/23/2017 2:33:00 AM,30,NULL,0.09,3.2,NULL,NULL,890
11/22/2016 8:00:00 PM,NULL,2,0.10,NULL,NULL,NULL,891
7/20/2017 2:07:00 AM,35,NULL,0.14,1.5,NULL,NULL,892
1/22/2017 1:00:00 PM,20,NULL,0.10,1.0,NULL,NULL,893
5/24/2017 3:40:00 AM,35,NULL,0.08,3.7,NULL,NULL,894
11/23/2016 1:00:00 PM,20,NULL,0.14,1.8,NULL,NULL,895
7/21/2017 4:10:00 AM,29,NULL,0.10,1.4,NULL,NULL,896
1/23/2017 1:00:00 PM,15,NULL,0.07,3.3,NULL,NULL,897
5/25/2017 3:03:00 AM,30,NULL,0.11,1.6,NULL,NULL,898
11/24/2016 1:00:00 PM,17,NULL,0.10,1.5,NULL,NULL,899
7/24/2017 4:02:00 AM,35,NULL,0.11,1.2,NULL,NULL,900
1/23/2017 8:00:00 PM,NULL,2,0.20,1.9,13,12,901
1/24/2017 1:00:00 PM,25,NULL,0.08,3.2,NULL,NULL,902
1/26/2017 1:00:00 PM,25,NULL,0.11,3.0,NULL,NULL,903
1/29/2017 1:00:00 PM,20,NULL,0.10,1.4,NULL,NULL,904
1/30/2017 1:00:00 PM,23,NULL,0.09,2.0,NULL,NULL,905
1/31/2017 1:00:00 PM,20,NULL,0.10,2.3,NULL,NULL,906
1/31/2017 8:00:00 PM,NULL,2,0.10,NULL,NULL,NULL,907
2/1/2017 1:00:00 PM,20,NULL,0.10,5.0,NULL,NULL,908
2/2/2017 1:00:00 PM,25,NULL,0.12,4.0,NULL,NULL,909
2/5/2017 1:00:00 PM,20,NULL,0.08,7.0,NULL,NULL,910
2/6/2017 1:00:00 PM,15,NULL,0.11,3.3,NULL,NULL,911
2/6/2017 8:00:00 PM,NULL,2,0.10,2.4,13,10,912
2/7/2017 1:00:00 PM,22,NULL,0.11,2.2,NULL,NULL,913
2/8/2017 1:00:00 PM,18,NULL,0.11,3.0,NULL,NULL,914
2/9/2017 1:00:00 PM,30,NULL,0.10,1.9,NULL,NULL,915
2/12/2017 1:00:00 PM,25,NULL,0.11,5.0,NULL,NULL,916
2/12/2017 8:00:00 PM,NULL,2,0.10,NULL,NULL,NULL,917
2/13/2017 1:00:00 PM,20,NULL,316.00,2.2,NULL,NULL,918
2/14/2017 1:00:00 PM,20,NULL,0.09,2.2,NULL,NULL,919
2/15/2017 1:00:00 PM,25,NULL,0.07,4.0,NULL,NULL,920
2/16/2017 1:00:00 PM,20,NULL,0.05,1.9,NULL,NULL,921
2/19/2017 1:00:00 PM,23,NULL,0.10,2.3,NULL,NULL,922
2/20/2017 1:00:00 PM,28,NULL,0.10,2.4,NULL,NULL,923
2/21/2017 1:00:00 PM,25,NULL,0.10,2.2,NULL,NULL,924
2/22/2017 8:00:00 PM,NULL,3,0.10,2.0,11,9,925
2/23/2017 3:32:00 AM,26,NULL,0.08,2.4,NULL,NULL,926
2/24/2017 2:22:00 AM,25,NULL,0.06,2.2,NULL,NULL,927
2/27/2017 2:10:00 AM,25,NULL,0.11,3.8,NULL,NULL,928
2/28/2017 2:30:00 AM,25,NULL,0.10,2.5,NULL,NULL,929
3/1/2017 2:50:00 AM,24,NULL,0.10,2.4,NULL,NULL,930
3/1/2017 8:00:00 PM,NULL,2,0.10,NULL,NULL,NULL,931
3/2/2017 1:55:00 AM,21,NULL,0.10,2.5,NULL,NULL,932
3/3/2017 3:19:00 AM,24,NULL,0.10,4.0,NULL,NULL,933
3/6/2017 2:43:00 AM,24,NULL,0.20,2.0,NULL,NULL,934
3/7/2017 1:55:00 AM,29,NULL,0.09,2.0,NULL,NULL,935
3/8/2017 2:13:00 AM,30,NULL,0.09,2.0,NULL,NULL,936
3/9/2017 3:27:00 AM,26,NULL,0.09,1.8,NULL,NULL,937
3/9/2017 8:00:00 PM,NULL,2,0.10,1.7,13,11,938
9/5/2017 2:14:00 AM,35,NULL,0.04,1.5,NULL,NULL,939
11/27/2016 1:00:00 PM,19,NULL,0.08,1.6,NULL,NULL,940
11/28/2016 1:00:00 PM,16,NULL,0.08,1.3,NULL,NULL,941
11/28/2016 8:00:00 PM,NULL,3,0.10,1.6,18,17,942
11/29/2016 1:00:00 PM,15,NULL,0.11,1.4,NULL,NULL,943
11/30/2016 1:00:00 PM,25,NULL,0.12,1.5,NULL,NULL,944
12/1/2016 1:00:00 PM,20,NULL,0.09,1.3,NULL,NULL,945
12/4/2016 1:00:00 PM,31,NULL,0.13,1.8,NULL,NULL,946
12/4/2016 8:00:00 PM,NULL,3,0.10,NULL,NULL,NULL,947
12/5/2016 1:00:00 PM,25,NULL,0.13,1.8,NULL,NULL,948
12/6/2016 1:00:00 PM,21,NULL,0.14,1.5,NULL,NULL,949
12/7/2016 1:00:00 PM,20,NULL,0.12,1.7,NULL,NULL,950
12/8/2016 1:00:00 PM,26,NULL,0.13,1.7,NULL,NULL,951
12/11/2016 1:00:00 PM,19,NULL,0.08,1.7,NULL,NULL,952
12/12/2016 1:00:00 PM,26,NULL,0.08,2.0,NULL,NULL,953
12/12/2016 8:00:00 PM,NULL,2,0.10,1.5,19,17,954
12/13/2016 1:00:00 PM,29,NULL,0.10,1.0,NULL,NULL,955
12/14/2016 1:00:00 PM,30,NULL,0.08,1.4,NULL,NULL,956
12/15/2016 1:00:00 PM,35,NULL,0.08,2.0,NULL,NULL,957
12/18/2016 1:00:00 PM,20,NULL,0.11,1.5,NULL,NULL,958
12/19/2016 1:00:00 PM,30,NULL,0.09,1.8,NULL,NULL,959
12/20/2016 1:00:00 PM,24,NULL,0.06,1.2,NULL,NULL,960
12/20/2016 8:00:00 PM,NULL,2,0.20,NULL,NULL,NULL,961
12/21/2016 1:00:00 PM,28,NULL,0.09,1.4,NULL,NULL,962
12/22/2016 1:00:00 PM,25,NULL,0.08,1.9,NULL,NULL,963
12/23/2016 1:00:00 PM,23,NULL,0.18,2.0,NULL,NULL,964
9/5/2017 9:00:00 PM,NULL,2,0.10,2.5,19,16,965
12/26/2016 1:00:00 PM,26,NULL,0.24,1.6,NULL,NULL,966
5/26/2017 2:58:00 AM,35,NULL,0.09,3.3,NULL,NULL,967
9/6/2017 2:51:00 AM,40,NULL,0.12,2.8,NULL,NULL,968
7/25/2017 2:11:00 AM,30,NULL,0.09,1.4,NULL,NULL,969
12/27/2016 1:00:00 PM,20,NULL,0.13,1.9,NULL,NULL,970
5/28/2017 9:00:00 PM,NULL,2,0.10,1.4,15,14,971
9/7/2017 2:00:00 AM,35,NULL,0.08,1.7,NULL,NULL,972
7/25/2017 9:00:00 PM,NULL,2,0.10,1.2,15,14,973
12/28/2016 1:00:00 PM,30,NULL,0.10,2.7,NULL,NULL,974
5/29/2017 3:32:00 AM,30,NULL,0.08,2.4,NULL,NULL,975
9/8/2017 2:00:00 AM,35,NULL,0.07,1.7,NULL,NULL,976
7/26/2017 1:55:00 AM,35,NULL,0.12,1.7,NULL,NULL,977
12/28/2016 8:00:00 PM,NULL,4,0.10,1.7,25,23,978
5/30/2017 3:26:00 AM,30,NULL,0.09,1.6,NULL,NULL,979
9/11/2017 2:42:00 AM,35,NULL,0.10,3.0,NULL,NULL,980
7/27/2017 2:19:00 AM,25,NULL,0.13,1.0,NULL,NULL,981
12/29/2016 1:00:00 PM,20,NULL,0.10,1.7,NULL,NULL,982
5/31/2017 3:19:00 AM,35,NULL,0.08,1.9,NULL,NULL,983
9/12/2017 2:32:00 AM,35,NULL,0.08,2.9,NULL,NULL,984
7/28/2017 1:58:00 AM,25,NULL,0.10,1.3,NULL,NULL,985
12/30/2016 1:00:00 PM,20,NULL,0.11,2.0,NULL,NULL,986
6/2/2017 2:21:00 AM,35,NULL,0.09,1.6,NULL,NULL,987
9/13/2017 3:31:00 AM,30,NULL,0.06,1.6,NULL,NULL,988
7/31/2017 3:58:00 AM,30,NULL,0.30,2.2,NULL,NULL,989
1/2/2017 1:00:00 PM,18,NULL,0.15,2.7,NULL,NULL,990
6/5/2017 4:00:00 AM,35,NULL,0.06,1.9,NULL,NULL,991
6/5/2017 9:00:00 PM,NULL,2,0.10,NULL,NULL,NULL,992
6/6/2017 3:15:00 AM,50,NULL,0.07,1.6,NULL,NULL,993
6/7/2017 3:15:00 AM,35,NULL,0.10,1.2,NULL,NULL,994
6/8/2017 3:53:00 AM,33,NULL,0.08,2.4,NULL,NULL,995
6/9/2017 3:25:00 AM,35,NULL,0.08,1.3,NULL,NULL,996
6/10/2017 2:07:00 AM,35,NULL,0.08,1.6,NULL,NULL,997
6/13/2017 3:21:00 AM,36,NULL,0.12,3.2,NULL,NULL,998
6/14/2017 3:26:00 AM,30,NULL,0.07,2.1,NULL,NULL,999
6/14/2017 3:38:00 AM,30,NULL,0.07,2.1,NULL,NULL,1000
6/15/2017 5:43:00 AM,40,NULL,0.10,1.6,NULL,NULL,1001
6/15/2017 9:00:00 PM,NULL,2,0.10,2.0,12,10,1002
6/16/2017 3:18:00 AM,35,NULL,0.10,3.2,NULL,NULL,1003
6/19/2017 2:08:00 AM,40,NULL,0.12,2.2,NULL,NULL,1004
6/20/2017 3:21:00 AM,30,NULL,0.11,4.0,NULL,NULL,1005
6/21/2017 2:53:00 AM,30,NULL,0.10,2.2,NULL,NULL,1006
6/21/2017 9:00:00 PM,NULL,2,0.10,NULL,NULL,NULL,1007
6/22/2017 2:17:00 AM,40,NULL,0.10,2.2,NULL,NULL,1008
6/23/2017 1:36:00 AM,30,NULL,0.11,3.3,NULL,NULL,1009
6/26/2017 3:24:00 AM,35,NULL,0.09,2.3,NULL,NULL,1010
6/27/2017 2:16:00 AM,28,NULL,0.09,2.0,NULL,NULL,1011
6/27/2017 9:00:00 PM,NULL,2,0.10,0.8,13,12,1012
6/28/2017 2:22:00 AM,30,NULL,0.08,2.0,NULL,NULL,1013
6/29/2017 2:44:00 AM,30,NULL,0.07,3.9,NULL,NULL,1014
6/30/2017 2:48:00 AM,35,NULL,0.06,1.5,NULL,NULL,1015
7/3/2017 3:08:00 AM,30,NULL,0.11,2.8,NULL,NULL,1016
7/3/2017 9:00:00 PM,NULL,2,0.10,NULL,NULL,NULL,1017
7/4/2017 2:28:00 AM,25,NULL,0.12,1.6,NULL,NULL,1018
7/5/2017 3:00:00 AM,28,NULL,0.07,1.6,NULL,NULL,1019
7/6/2017 2:21:00 AM,28,NULL,0.13,1.7,NULL,NULL,1020
7/7/2017 2:16:00 AM,25,NULL,0.13,1.9,NULL,NULL,1021
8/1/2017 2:53:00 AM,30,NULL,0.28,2.8,NULL,NULL,1022
8/2/2017 2:16:00 AM,28,NULL,0.10,3.5,NULL,NULL,1023
8/2/2017 9:00:00 PM,NULL,3,0.10,NULL,NULL,NULL,1024
8/3/2017 2:40:00 AM,30,NULL,0.10,1.7,NULL,NULL,1025
8/4/2017 3:09:00 AM,35,NULL,0.08,1.5,NULL,NULL,1026
8/7/2017 2:32:00 AM,35,NULL,0.13,1.9,NULL,NULL,1027
8/8/2017 2:09:00 AM,35,NULL,0.11,2.0,NULL,NULL,1028
8/9/2017 1:55:00 AM,35,NULL,0.09,1.5,NULL,NULL,1029
8/10/2017 2:39:00 AM,30,NULL,0.09,2.0,NULL,NULL,1030
8/10/2017 9:00:00 PM,NULL,3,0.10,2.1,15,13,1031
8/11/2017 2:42:00 AM,35,NULL,0.07,1.6,NULL,NULL,1032
8/14/2017 3:01:00 AM,40,NULL,0.07,2.3,NULL,NULL,1033
8/14/2017 3:45:00 AM,40,NULL,0.07,2.3,NULL,NULL,1034
8/15/2017 2:18:00 AM,35,NULL,0.12,1.5,NULL,NULL,1035
8/16/2017 2:29:00 AM,30,NULL,0.07,1.6,NULL,NULL,1036
8/16/2017 9:00:00 PM,NULL,3,0.10,NULL,NULL,NULL,1037
8/17/2017 2:12:00 AM,30,NULL,0.07,1.9,NULL,NULL,1038
8/18/2017 2:33:00 AM,30,NULL,0.07,1.6,NULL,NULL,1039
8/21/2017 2:26:00 AM,26,NULL,0.30,3.1,NULL,NULL,1040
8/21/2017 2:00:00 PM,30,NULL,0.15,9.7,NULL,NULL,1041
8/22/2017 9:00:00 PM,NULL,2,0.10,1.7,14,13,1042
8/23/2017 1:59:00 AM,30,NULL,0.04,2.2,NULL,NULL,1043
1/3/2017 1:00:00 PM,30,NULL,0.10,3.0,NULL,NULL,1044
8/24/2017 3:13:00 AM,35,NULL,0.00,1.0,NULL,NULL,1045
9/13/2017 9:00:00 PM,NULL,2,0.10,NULL,NULL,NULL,1046
1/4/2017 1:00:00 PM,25,NULL,0.15,4.7,NULL,NULL,1047
8/25/2017 1:47:00 AM,29,NULL,0.04,1.8,NULL,NULL,1048
9/14/2017 2:45:00 AM,35,NULL,0.10,2.3,NULL,NULL,1049
1/5/2017 1:00:00 PM,28,NULL,0.10,1.4,NULL,NULL,1050
8/28/2017 2:32:00 AM,35,NULL,0.08,1.3,NULL,NULL,1051
9/15/2017 2:11:00 AM,NULL,NULL,0.08,1.5,NULL,NULL,1052
1/5/2017 8:00:00 PM,NULL,2,0.10,NULL,NULL,NULL,1053
8/28/2017 9:00:00 PM,NULL,2,0.10,NULL,NULL,NULL,1054
9/18/2017 3:42:00 AM,35,NULL,0.12,1.9,NULL,NULL,1055
1/8/2017 1:00:00 PM,28,NULL,0.10,1.9,NULL,NULL,1056
8/29/2017 2:41:00 AM,30,NULL,0.08,1.2,NULL,NULL,1057
9/19/2017 2:30:00 AM,15,NULL,0.05,1.6,NULL,NULL,1058
1/9/2017 1:00:00 PM,28,NULL,0.09,2.3,NULL,NULL,1059
8/30/2017 1:58:00 AM,35,NULL,0.10,1.5,NULL,NULL,1060
9/20/2017 3:05:00 AM,35,NULL,0.09,1.6,NULL,NULL,1061
8/31/2017 2:59:00 AM,30,NULL,0.08,1.5,NULL,NULL,1062
9/21/2017 2:51:00 AM,35,NULL,0.09,1.0,NULL,NULL,1063
9/1/2017 1:34:00 AM,40,NULL,0.07,6.0,NULL,NULL,1064
9/22/2017 2:27:00 AM,35,NULL,0.07,2.6,NULL,NULL,1065
9/4/2017 3:16:00 AM,30,NULL,0.20,3.4,NULL,NULL,1066
9/25/2017 5:15:00 AM,24,NULL,0.08,2.2,NULL,NULL,1067
9/26/2017 4:43:00 AM,19,NULL,0.06,1.0,NULL,NULL,1068
9/27/2017 4:35:00 AM,15,NULL,0.05,1.9,NULL,NULL,1069
9/27/2017 9:00:00 PM,NULL,2,0.10,NULL,NULL,NULL,1070
9/28/2017 5:21:00 AM,20,NULL,0.04,1.4,NULL,NULL,1071
9/30/2017 2:03:00 AM,40,NULL,0.07,3.0,NULL,NULL,1072
10/2/2017 4:33:00 AM,16,NULL,0.07,1.4,NULL,NULL,1073
10/3/2017 4:31:00 AM,15,NULL,0.06,1.4,NULL,NULL,1074
10/3/2017 8:00:00 PM,NULL,3,0.10,2.1,17,15,1075
10/4/2017 4:23:00 AM,18,NULL,0.05,1.7,NULL,NULL,1076
11/1/2017 8:00:00 PM,NULL,2,0.10,1.2,13,12,1077
10/5/2017 4:18:00 AM,24,NULL,0.05,1.2,NULL,NULL,1078
10/6/2017 3:49:00 AM,20,NULL,0.05,1.2,NULL,NULL,1079
10/9/2017 3:53:00 AM,10,NULL,0.05,2.1,NULL,NULL,1080
10/9/2017 8:00:00 PM,NULL,2,0.10,NULL,NULL,NULL,1081
10/10/2017 3:59:00 AM,23,NULL,0.04,1.6,NULL,NULL,1082
10/11/2017 3:46:00 AM,17,NULL,0.03,1.9,NULL,NULL,1083
10/12/2017 4:32:00 AM,14,NULL,0.04,1.9,NULL,NULL,1084
10/13/2017 3:52:00 AM,8,NULL,0.03,1.6,NULL,NULL,1085
10/13/2017 4:20:00 AM,8,NULL,0.03,1.6,NULL,NULL,1086
10/15/2017 8:00:00 PM,NULL,2,0.10,1.3,18,16,1087
10/16/2017 3:55:00 AM,28,NULL,0.02,1.4,NULL,NULL,1088
10/17/2017 3:50:00 AM,14,NULL,0.02,1.3,NULL,NULL,1089
10/18/2017 3:36:00 AM,10,NULL,0.14,2.1,NULL,NULL,1090
10/19/2017 4:22:00 AM,9,NULL,0.05,2.6,NULL,NULL,1091
10/20/2017 4:09:00 AM,10,NULL,0.06,3.6,NULL,NULL,1092
10/23/2017 3:54:00 AM,26,NULL,0.03,2.0,NULL,NULL,1093
10/23/2017 8:00:00 PM,NULL,2,0.10,NULL,NULL,NULL,1094
10/24/2017 2:59:00 AM,30,NULL,0.06,2.5,NULL,NULL,1095
10/25/2017 3:25:00 AM,2,NULL,0.06,1.9,NULL,NULL,1096
10/26/2017 3:29:00 AM,30,NULL,0.05,2.4,NULL,NULL,1097
10/27/2017 2:57:00 AM,45,NULL,0.05,3.0,NULL,NULL,1098
10/30/2017 1:44:00 AM,30,NULL,0.10,3.9,NULL,NULL,1099
10/31/2017 1:31:00 AM,35,NULL,0.70,3.2,NULL,NULL,1100
11/1/2017 1:46:00 AM,30,NULL,0.07,3.0,NULL,NULL,1101
11/2/2017 2:16:00 AM,29,NULL,0.16,3.0,NULL,NULL,1102
11/3/2017 2:01:00 AM,35,NULL,0.06,3.5,NULL,NULL,1103
11/6/2017 2:57:00 AM,25,NULL,0.09,2.6,NULL,NULL,1104
11/8/2017 2:44:00 AM,25,NULL,0.06,2.0,NULL,NULL,1105
11/9/2017 2:22:00 AM,15,NULL,0.08,2.4,NULL,NULL,1106
11/9/2017 8:00:00 PM,NULL,2,0.10,NULL,NULL,NULL,1107
11/10/2017 3:28:00 AM,25,NULL,0.10,1.8,NULL,NULL,1108
11/13/2017 3:40:00 AM,30,NULL,0.30,2.0,NULL,NULL,1109
11/14/2017 1:24:00 AM,30,NULL,0.11,2.6,NULL,NULL,1110
11/15/2017 1:36:00 AM,29,NULL,0.09,2.5,NULL,NULL,1111
11/15/2017 8:00:00 PM,NULL,2,0.10,1.4,12,11,1112
11/16/2017 1:41:00 AM,30,NULL,0.05,3.4,NULL,NULL,1113
11/17/2017 12:41:00 AM,25,NULL,0.05,3.0,NULL,NULL,1114
11/20/2017 5:12:00 AM,15,NULL,0.05,1.6,NULL,NULL,1115
11/21/2017 1:42:00 AM,28,NULL,0.03,2.1,NULL,NULL,1116
11/21/2017 8:00:00 PM,NULL,2,0.10,NULL,NULL,NULL,1117
11/22/2017 3:08:00 AM,35,NULL,0.02,2.0,NULL,NULL,1118
11/23/2017 2:10:00 AM,29,NULL,0.02,3.0,NULL,NULL,1119
11/24/2017 2:10:00 AM,30,NULL,0.03,2.6,NULL,NULL,1120
11/27/2017 4:43:00 AM,10,NULL,0.04,1.9,NULL,NULL,1121
11/27/2017 8:00:00 PM,NULL,2,0.10,1.9,14,12,1122
11/28/2017 4:40:00 AM,11,NULL,0.03,2.3,NULL,NULL,1123
11/29/2017 4:25:00 AM,11,NULL,0.03,1.8,NULL,NULL,1124
11/30/2017 3:48:00 AM,25,NULL,0.03,2.4,NULL,NULL,1125
12/1/2017 2:10:00 AM,30,NULL,0.03,3.0,NULL,NULL,1126
12/3/2017 8:00:00 PM,NULL,2,0.10,NULL,NULL,NULL,1127
12/4/2017 2:03:00 AM,30,NULL,0.12,5.9,NULL,NULL,1128
12/5/2017 2:30:00 AM,18,NULL,0.06,1.5,NULL,NULL,1129
12/6/2017 12:55:00 AM,35,NULL,0.05,2.0,NULL,NULL,1130
12/7/2017 2:29:00 AM,28,NULL,0.06,1.7,NULL,NULL,1131
12/8/2017 2:43:00 AM,35,NULL,0.05,2.5,NULL,NULL,1132
12/11/2017 2:25:00 AM,35,NULL,0.06,3.0,NULL,NULL,1133
12/11/2017 8:00:00 PM,NULL,3,0.10,1.6,15,14,1134
12/12/2017 2:30:00 AM,35,NULL,0.06,1.8,NULL,NULL,1135
12/13/2017 1:50:00 AM,35,NULL,0.06,1.8,NULL,NULL,1136
12/14/2017 1:24:00 AM,35,NULL,0.06,2.4,NULL,NULL,1137
12/15/2017 1:30:00 AM,30,NULL,0.06,3.6,NULL,NULL,1138
12/18/2017 2:17:00 AM,35,NULL,0.13,2.7,NULL,NULL,1139
12/19/2017 2:06:00 AM,30,NULL,0.12,2.4,NULL,NULL,1140
12/19/2017 8:00:00 PM,NULL,3,0.10,NULL,NULL,NULL,1141
12/20/2017 2:38:00 AM,35,NULL,0.11,2.7,NULL,NULL,1142
12/21/2017 1:08:00 AM,35,NULL,0.13,2.5,NULL,NULL,1143
12/22/2017 2:13:00 AM,20,NULL,0.12,2.7,NULL,NULL,1144
12/24/2017 2:05:00 AM,30,NULL,0.13,2.3,NULL,NULL,1145
12/27/2017 1:30:00 AM,15,NULL,0.09,4.5,NULL,NULL,1146
12/27/2017 8:00:00 PM,NULL,2,0.40,1.2,22,21,1147
12/28/2017 1:29:00 AM,20,NULL,0.08,2.8,NULL,NULL,1148
12/29/2017 12:43:00 AM,30,NULL,0.07,2.4,NULL,NULL,1149
12/30/2017 12:00:00 AM,30,NULL,0.06,2.4,NULL,NULL,1150
3/10/2017 2:13:00 AM,30,NULL,0.08,2.7,NULL,NULL,1151
3/11/2017 12:53:00 AM,25,NULL,0.10,2.0,NULL,NULL,1152
3/14/2017 1:59:00 AM,20,NULL,0.16,2.1,NULL,NULL,1153
3/15/2017 1:15:00 AM,21,NULL,0.09,2.8,NULL,NULL,1154
3/15/2017 8:00:00 PM,NULL,3,0.10,NULL,NULL,NULL,1155
3/16/2017 2:49:00 AM,30,NULL,0.15,3.0,NULL,NULL,1156
3/17/2017 4:49:00 AM,30,NULL,0.13,3.8,NULL,NULL,1157
3/20/2017 3:07:00 AM,16,NULL,0.14,2.1,NULL,NULL,1158
3/20/2017 8:00:00 PM,NULL,3,0.10,1.7,15,14,1159
3/21/2017 4:23:00 AM,26,NULL,0.06,2.6,NULL,NULL,1160
3/22/2017 1:56:00 AM,30,NULL,0.09,3.1,NULL,NULL,1161
3/23/2017 1:56:00 AM,25,NULL,0.11,2.6,NULL,NULL,1162
3/24/2017 2:01:00 AM,26,NULL,0.10,2.7,NULL,NULL,1163
3/27/2017 2:37:00 AM,30,NULL,0.12,3.0,NULL,NULL,1164
3/28/2017 1:27:00 AM,21,NULL,0.10,4.0,NULL,NULL,1165
3/28/2017 8:00:00 PM,NULL,2,0.10,NULL,NULL,NULL,1166
3/29/2017 1:07:00 AM,28,NULL,0.05,2.4,NULL,NULL,1167
3/30/2017 1:38:00 AM,30,NULL,0.07,2.8,NULL,NULL,1168
3/31/2017 1:42:00 AM,25,NULL,0.10,2.6,NULL,NULL,1169
4/2/2017 9:00:00 PM,NULL,2,0.10,2.4,17,14,1170
4/3/2017 3:53:00 AM,30,NULL,0.21,4.0,NULL,NULL,1171
4/4/2017 2:16:00 AM,38,NULL,0.15,1.6,NULL,NULL,1172
4/5/2017 3:09:00 AM,25,NULL,1.00,2.2,NULL,NULL,1173
4/6/2017 2:26:00 AM,20,NULL,0.05,2.1,NULL,NULL,1174
4/7/2017 2:38:00 AM,30,NULL,0.05,2.1,NULL,NULL,1175
4/10/2017 4:03:00 AM,25,NULL,0.09,2.2,NULL,NULL,1176
4/10/2017 9:00:00 PM,NULL,2,0.10,NULL,NULL,NULL,1177
4/11/2017 3:57:00 AM,28,NULL,0.06,2.0,NULL,NULL,1178
4/12/2017 2:40:00 AM,25,NULL,0.04,3.3,NULL,NULL,1179
4/13/2017 3:30:00 AM,29,NULL,0.06,2.6,NULL,NULL,1180
4/18/2017 2:42:00 AM,25,NULL,0.15,1.6,NULL,NULL,1181
4/18/2017 9:00:00 PM,NULL,2,0.10,1.3,19,18,1182
4/19/2017 2:08:00 AM,23,NULL,0.09,3.0,NULL,NULL,1183
4/20/2017 2:03:00 AM,26,NULL,0.09,2.7,NULL,NULL,1184
4/21/2017 2:24:00 AM,28,NULL,0.08,1.8,NULL,NULL,1185
4/24/2017 2:39:00 AM,27,NULL,0.09,5.0,NULL,NULL,1186
4/26/2017 2:22:00 AM,20,NULL,0.05,3.5,NULL,NULL,1187
4/26/2017 9:00:00 PM,NULL,2,0.10,NULL,NULL,NULL,1188
4/27/2017 3:04:00 AM,25,NULL,0.10,2.0,NULL,NULL,1189
4/28/2017 2:52:00 AM,30,NULL,0.04,2.2,NULL,NULL,1190
5/1/2017 2:34:00 AM,40,NULL,0.08,3.7,NULL,NULL,1191
5/2/2017 2:25:00 AM,26,NULL,0.10,5.0,NULL,NULL,1192
5/2/2017 9:00:00 PM,NULL,2,0.10,1.7,16,14,1193
5/3/2017 2:50:00 AM,30,NULL,NULL,2.5,NULL,NULL,1194
5/4/2017 2:40:00 AM,29,NULL,0.08,4.0,NULL,NULL,1195
5/5/2017 2:02:00 AM,33,NULL,0.08,2.7,NULL,NULL,1196
5/8/2017 2:52:00 AM,30,NULL,0.09,2.8,NULL,NULL,1197
5/9/2017 2:40:00 AM,29,NULL,0.08,2.6,NULL,NULL,1198
5/10/2017 3:23:00 AM,25,NULL,0.08,2.0,NULL,NULL,1199
5/10/2017 9:00:00 PM,NULL,2,0.10,NULL,NULL,NULL,1200
12/18/2018 2:06:00 AM,15,NULL,0.24,3.2,NULL,NULL,1201
6/28/2018 2:59:00 AM,20,NULL,0.16,1.4,NULL,NULL,1202
12/18/2018 8:00:00 PM,NULL,2,0.10,NULL,NULL,NULL,1203
12/19/2018 2:13:00 AM,24,NULL,0.10,4.3,NULL,NULL,1204
6/29/2018 3:00:00 AM,25,NULL,0.36,1.9,NULL,NULL,1205
12/20/2018 12:53:00 AM,20,NULL,0.01,3.7,NULL,NULL,1206
7/2/2018 3:22:00 AM,20,NULL,0.06,1.5,NULL,NULL,1207
12/21/2018 2:09:00 AM,15,NULL,0.13,3.5,NULL,NULL,1208
7/2/2018 9:00:00 PM,NULL,2,0.10,NULL,NULL,NULL,1209
12/24/2018 4:02:00 AM,4,NULL,NULL,NULL,NULL,NULL,1210
7/3/2018 2:51:00 AM,30,NULL,0.06,1.8,NULL,NULL,1211
12/27/2018 3:53:00 AM,2,NULL,NULL,NULL,NULL,NULL,1212
7/4/2018 2:59:00 AM,20,NULL,0.08,1.0,NULL,NULL,1213
12/27/2018 8:00:00 PM,NULL,2,0.10,1.3,18,17,1214
7/5/2018 2:38:00 AM,25,NULL,0.08,1.6,NULL,NULL,1215
12/28/2018 4:05:00 AM,4,NULL,NULL,NULL,NULL,NULL,1216
7/6/2018 2:30:00 AM,15,NULL,0.05,1.1,NULL,NULL,1217
12/31/2018 3:54:00 AM,6,NULL,NULL,NULL,NULL,NULL,1218
7/8/2018 9:00:00 PM,NULL,2,0.10,1.5,17,16,1219
1/2/2019 3:39:00 AM,2,NULL,NULL,NULL,NULL,NULL,1220
7/9/2018 5:49:00 AM,2,NULL,0.05,1.4,NULL,NULL,1221
1/3/2019 3:27:00 AM,2,NULL,NULL,NULL,NULL,NULL,1222
1/3/2019 8:00:00 PM,NULL,3,0.10,NULL,NULL,NULL,1223
7/10/2018 4:57:00 AM,10,NULL,0.06,NULL,NULL,NULL,1224
1/4/2019 3:46:00 AM,2,NULL,NULL,NULL,NULL,NULL,1225
1/7/2019 1:58:00 AM,20,NULL,0.20,1.8,NULL,NULL,1226
7/11/2018 4:52:00 AM,24,NULL,0.04,NULL,NULL,NULL,1227
1/8/2019 1:34:00 AM,15,NULL,0.13,1.9,NULL,NULL,1228
7/11/2018 5:18:00 AM,NULL,NULL,NULL,1.3,NULL,NULL,1229
1/9/2019 2:15:00 AM,25,NULL,0.01,2.0,NULL,NULL,1230
7/12/2018 4:49:00 AM,7,NULL,0.04,1.5,NULL,NULL,1231
1/9/2019 1:00:00 PM,NULL,2,0.10,1.5,10,8,1232
7/13/2018 4:44:00 AM,5,NULL,0.03,NULL,NULL,NULL,1233
1/10/2019 1:23:00 AM,25,NULL,0.10,2.4,NULL,NULL,1234
7/16/2018 4:39:00 AM,16,NULL,0.03,NULL,NULL,NULL,1235
1/11/2019 1:20:00 AM,30,NULL,0.16,4.0,NULL,NULL,1236
7/16/2018 9:00:00 PM,NULL,2,0.10,NULL,NULL,NULL,1237
1/14/2019 1:20:00 AM,NULL,NULL,1.00,3.5,NULL,NULL,1238
7/17/2018 4:41:00 AM,11,NULL,0.08,NULL,NULL,NULL,1239
1/15/2019 1:26:00 AM,20,NULL,0.10,3.7,NULL,NULL,1240
7/18/2018 4:26:00 AM,10,NULL,0.07,1.8,NULL,NULL,1241
1/15/2019 8:00:00 PM,NULL,4,0.10,NULL,NULL,NULL,1242
7/19/2018 4:33:00 AM,23,NULL,0.06,NULL,NULL,NULL,1243
1/16/2019 2:13:00 AM,16,NULL,0.12,3.8,NULL,NULL,1244
7/20/2018 4:49:00 AM,10,NULL,0.06,NULL,NULL,NULL,1245
1/17/2019 3:10:00 AM,16,NULL,0.06,1.6,NULL,NULL,1246
7/23/2018 4:43:00 AM,15,NULL,0.12,NULL,NULL,NULL,1247
7/23/2018 5:19:00 AM,NULL,NULL,NULL,1.9,NULL,NULL,1248
1/18/2019 2:47:00 AM,20,NULL,0.09,2.8,NULL,NULL,1249
7/24/2018 4:26:00 AM,5,NULL,0.09,1.6,NULL,NULL,1250
1/21/2019 1:16:00 AM,25,NULL,0.01,3.3,NULL,NULL,1251
7/24/2018 9:00:00 PM,NULL,2,0.20,1.5,16,15,1252
1/21/2019 8:00:00 PM,NULL,2,0.10,1.6,18,17,1253
7/25/2018 2:29:00 AM,20,NULL,0.08,1.6,NULL,NULL,1254
1/22/2019 1:12:00 AM,25,NULL,0.10,3.3,NULL,NULL,1255
10/19/2018 1:49:00 AM,25,NULL,0.25,5.2,NULL,NULL,1256
2/18/2019 1:02:00 AM,30,NULL,0.16,3.8,NULL,NULL,1257
7/26/2018 1:42:00 AM,25,NULL,0.05,1.0,NULL,NULL,1258
7/27/2018 2:53:00 AM,29,NULL,0.06,1.0,NULL,NULL,1259
7/30/2018 3:08:00 AM,25,NULL,0.10,2.0,NULL,NULL,1260
7/31/2018 2:06:00 AM,25,NULL,0.08,1.6,NULL,NULL,1261
8/1/2018 2:20:00 AM,25,NULL,0.09,1.0,NULL,NULL,1262
8/1/2018 9:00:00 PM,NULL,3,0.10,NULL,NULL,NULL,1263
8/2/2018 2:43:00 AM,25,NULL,0.09,1.6,NULL,NULL,1264
8/3/2018 2:41:00 AM,25,NULL,0.09,1.7,NULL,NULL,1265
8/6/2018 2:48:00 AM,20,NULL,0.09,1.1,NULL,NULL,1266
8/7/2018 2:31:00 AM,25,NULL,0.09,1.1,NULL,NULL,1267
8/8/2018 2:40:00 AM,24,NULL,0.09,1.7,NULL,NULL,1268
8/9/2018 2:12:00 AM,25,NULL,0.09,2.2,NULL,NULL,1269
8/9/2018 9:00:00 PM,NULL,2,0.10,1.5,15,13,1270
8/10/2018 2:21:00 AM,20,NULL,0.06,1.7,NULL,NULL,1271
8/13/2018 2:18:00 AM,25,NULL,0.08,1.1,NULL,NULL,1272
8/14/2018 2:15:00 AM,25,NULL,0.10,1.4,NULL,NULL,1273
8/15/2018 2:20:00 AM,30,NULL,0.11,1.5,NULL,NULL,1274
8/15/2018 9:00:00 PM,NULL,2,0.10,NULL,NULL,NULL,1275
8/16/2018 2:47:00 AM,30,NULL,0.09,1.2,NULL,NULL,1276
8/17/2018 2:06:00 AM,30,NULL,0.09,1.3,NULL,NULL,1277
8/20/2018 2:57:00 AM,20,NULL,0.08,1.4,NULL,NULL,1278
8/21/2018 2:43:00 AM,15,NULL,0.04,1.1,NULL,NULL,1279
8/21/2018 9:00:00 PM,NULL,2,0.10,1.0,14,13,1280
8/22/2018 3:56:00 AM,10,NULL,0.08,1.1,NULL,NULL,1281
8/23/2018 2:23:00 AM,25,NULL,0.06,1.4,NULL,NULL,1282
1/2/2018 1:20:00 AM,25,NULL,0.07,1.2,NULL,NULL,1283
2/28/2018 1:38:00 AM,26,NULL,0.00,2.7,NULL,NULL,1284
3/1/2018 1:42:00 AM,20,NULL,0.05,1.5,NULL,NULL,1285
8/24/2018 2:51:00 AM,20,NULL,0.05,1.4,NULL,NULL,1286
1/3/2018 1:37:00 AM,30,NULL,0.09,1.8,NULL,NULL,1287
3/2/2018 1:36:00 AM,20,NULL,0.05,2.1,NULL,NULL,1288
10/22/2018 1:55:00 AM,25,NULL,0.12,2.8,NULL,NULL,1289
2/19/2019 1:30:00 AM,25,NULL,0.09,3.3,NULL,NULL,1290
8/27/2018 2:52:00 AM,25,NULL,0.06,2.4,NULL,NULL,1291
1/4/2018 1:07:00 AM,30,NULL,7.00,2.6,NULL,NULL,1292
1/23/2019 1:41:00 AM,25,NULL,0.33,3.0,NULL,NULL,1293
3/4/2018 11:42:00 PM,NULL,NULL,0.06,1.8,NULL,NULL,1294
10/22/2018 8:00:00 PM,NULL,2,0.10,NULL,NULL,NULL,1295
2/20/2019 1:05:00 AM,25,NULL,0.10,4.0,NULL,NULL,1296
8/27/2018 9:00:00 PM,NULL,2,0.10,NULL,NULL,NULL,1297
1/4/2018 8:00:00 PM,NULL,3,0.20,NULL,NULL,NULL,1298
1/24/2019 12:52:00 AM,25,NULL,0.16,4.5,NULL,NULL,1299
3/5/2018 8:00:00 PM,NULL,2,0.10,1.6,17,15,1300
10/23/2018 2:00:00 AM,25,NULL,0.18,2.3,NULL,NULL,1301
2/20/2019 8:00:00 PM,NULL,2,0.10,1.5,13,11,1302
8/28/2018 2:46:00 AM,15,NULL,0.06,1.2,NULL,NULL,1303
1/5/2018 1:35:00 AM,30,NULL,0.06,1.8,NULL,NULL,1304
1/25/2019 4:27:00 AM,2,NULL,NULL,NULL,NULL,NULL,1305
3/6/2018 2:30:00 AM,20,NULL,0.05,1.0,NULL,NULL,1306
10/24/2018 2:01:00 AM,25,NULL,0.15,6.0,NULL,NULL,1307
2/21/2019 1:21:00 AM,30,NULL,0.15,1.3,NULL,NULL,1308
8/29/2018 2:23:00 AM,20,NULL,0.08,2.6,NULL,NULL,1309
1/8/2018 2:21:00 AM,35,NULL,0.09,2.5,NULL,NULL,1310
1/26/2019 12:31:00 AM,25,NULL,0.10,3.9,NULL,NULL,1311
3/7/2018 3:02:00 AM,30,NULL,0.12,1.9,NULL,NULL,1312
10/25/2018 1:16:00 AM,25,NULL,0.20,2.0,NULL,NULL,1313
2/22/2019 1:26:00 AM,25,NULL,0.10,2.5,NULL,NULL,1314
8/30/2018 1:55:00 AM,30,NULL,0.20,1.9,NULL,NULL,1315
1/9/2018 2:10:00 AM,35,NULL,0.09,2.6,NULL,NULL,1316
1/29/2019 1:25:00 AM,20,NULL,0.09,2.8,NULL,NULL,1317
3/8/2018 1:48:00 AM,25,NULL,0.11,1.1,NULL,NULL,1318
10/26/2018 1:06:00 AM,30,NULL,0.15,2.2,NULL,NULL,1319
2/25/2019 1:30:00 AM,25,NULL,0.10,3.8,NULL,NULL,1320
8/31/2018 2:37:00 AM,20,NULL,0.04,1.3,NULL,NULL,1321
1/10/2018 2:01:00 AM,33,NULL,0.09,1.9,NULL,NULL,1322
1/29/2019 8:00:00 PM,NULL,2,0.10,NULL,NULL,NULL,1323
3/9/2018 2:44:00 AM,25,NULL,0.14,1.0,NULL,NULL,1324
10/29/2018 1:58:00 AM,22,NULL,0.14,4.5,NULL,NULL,1325
2/25/2019 11:54:00 PM,15,NULL,0.08,3.4,NULL,NULL,1326
9/3/2018 2:14:00 AM,25,NULL,0.09,1.0,NULL,NULL,1327
1/10/2018 8:00:00 PM,NULL,2,0.10,1.8,15,13,1328
1/30/2019 1:41:00 AM,20,NULL,0.17,2.0,NULL,NULL,1329
3/10/2018 12:43:00 AM,25,NULL,0.11,1.7,NULL,NULL,1330
10/30/2018 1:27:00 AM,23,NULL,0.16,3.6,NULL,NULL,1331
2/26/2019 8:00:00 PM,NULL,2,0.10,NULL,NULL,NULL,1332
9/4/2018 2:07:00 AM,25,NULL,0.09,2.0,NULL,NULL,1333
1/11/2018 1:59:00 AM,35,NULL,0.09,2.2,NULL,NULL,1334
1/30/2019 11:44:00 PM,23,NULL,0.02,1.7,NULL,NULL,1335
3/13/2018 1:53:00 AM,25,NULL,0.07,2.1,NULL,NULL,1336
10/30/2018 8:00:00 PM,NULL,2,0.10,1.9,17,15,1337
2/27/2019 1:20:00 AM,25,NULL,0.05,2.5,NULL,NULL,1338
9/4/2018 9:00:00 PM,NULL,2,0.10,1.6,16,15,1339
1/12/2018 1:36:00 AM,35,NULL,0.09,2.1,NULL,NULL,1340
2/1/2019 2:00:00 AM,20,NULL,0.10,4.2,NULL,NULL,1341
3/13/2018 8:00:00 PM,NULL,2,0.20,NULL,NULL,NULL,1342
10/31/2018 1:12:00 AM,25,NULL,0.13,2.6,NULL,NULL,1343
2/28/2019 1:05:00 AM,25,NULL,0.10,2.4,NULL,NULL,1344
9/5/2018 3:06:00 AM,35,NULL,0.13,1.1,NULL,NULL,1345
1/15/2018 1:33:00 AM,30,NULL,0.10,2.5,NULL,NULL,1346
2/4/2019 1:47:00 AM,25,NULL,0.14,2.9,NULL,NULL,1347
3/14/2018 2:09:00 AM,25,NULL,0.06,1.5,NULL,NULL,1348
11/1/2018 1:06:00 AM,25,NULL,0.10,2.2,NULL,NULL,1349
11/2/2018 1:17:00 AM,25,NULL,0.21,2.3,NULL,NULL,1350
11/5/2018 1:29:00 AM,25,NULL,0.08,2.4,NULL,NULL,1351
11/7/2018 2:23:00 AM,20,NULL,0.43,3.7,NULL,NULL,1352
11/8/2018 1:46:00 AM,20,NULL,0.18,5.0,NULL,NULL,1353
11/8/2018 8:00:00 PM,NULL,2,0.10,NULL,NULL,NULL,1354
11/9/2018 1:39:00 AM,25,NULL,0.10,3.2,NULL,NULL,1355
11/12/2018 3:53:00 AM,5,NULL,NULL,NULL,NULL,NULL,1356
11/13/2018 3:23:00 AM,4,NULL,0.04,2.9,NULL,NULL,1357
11/14/2018 3:43:00 AM,4,NULL,NULL,NULL,NULL,NULL,1358
11/14/2018 8:00:00 PM,NULL,2,0.10,1.3,13,12,1359
11/15/2018 3:59:00 AM,9,NULL,NULL,NULL,NULL,NULL,1360
11/16/2018 3:42:00 AM,4,NULL,NULL,NULL,NULL,NULL,1361
11/16/2018 4:34:00 AM,NULL,NULL,0.09,3.6,NULL,NULL,1362
11/19/2018 2:10:00 AM,20,NULL,0.31,3.1,NULL,NULL,1363
11/20/2018 1:26:00 AM,16,NULL,0.14,1.6,NULL,NULL,1364
11/20/2018 8:00:00 PM,NULL,2,0.10,NULL,NULL,NULL,1365
11/21/2018 2:14:00 AM,20,NULL,0.14,2.1,NULL,NULL,1366
11/23/2018 1:52:00 AM,20,NULL,0.13,3.3,NULL,NULL,1367
11/26/2018 1:52:00 AM,20,NULL,0.30,4.8,NULL,NULL,1368
11/26/2018 8:00:00 PM,NULL,2,0.10,1.3,14,13,1369
11/27/2018 1:20:00 AM,20,NULL,0.30,2.6,NULL,NULL,1370
11/28/2018 1:48:00 AM,18,NULL,0.18,4.6,NULL,NULL,1371
11/29/2018 2:19:00 AM,25,NULL,0.08,3.8,NULL,NULL,1372
11/30/2018 1:25:00 AM,20,NULL,0.12,3.8,NULL,NULL,1373
12/2/2018 8:00:00 PM,NULL,2,0.10,NULL,NULL,NULL,1374
12/3/2018 2:06:00 AM,17,NULL,0.14,4.9,NULL,NULL,1375
12/4/2018 1:28:00 AM,15,NULL,0.07,4.2,NULL,NULL,1376
12/5/2018 1:50:00 AM,15,NULL,0.14,3.0,NULL,NULL,1377
12/6/2018 1:10:00 AM,20,NULL,0.30,3.9,NULL,NULL,1378
12/7/2018 1:34:00 AM,30,NULL,0.13,4.4,NULL,NULL,1379
12/10/2018 1:41:00 AM,25,NULL,0.07,4.2,NULL,NULL,1380
12/10/2018 8:00:00 PM,NULL,2,0.10,1.3,13,11,1381
12/11/2018 1:44:00 AM,25,NULL,0.20,3.0,NULL,NULL,1382
12/12/2018 1:23:00 AM,25,NULL,0.16,2.6,NULL,NULL,1383
12/13/2018 1:03:00 AM,25,NULL,0.18,3.8,NULL,NULL,1384
12/14/2018 1:46:00 AM,28,NULL,0.10,2.5,NULL,NULL,1385
12/17/2018 1:45:00 AM,20,NULL,0.10,4.0,NULL,NULL,1386
12/18/2018 1:50:00 AM,15,NULL,0.24,3.2,NULL,NULL,1387
5/1/2018 9:00:00 PM,NULL,2,0.10,1.3,15,14,1388
5/2/2018 3:19:00 AM,30,NULL,0.09,2.4,NULL,NULL,1389
5/3/2018 2:01:00 AM,25,NULL,0.09,2.5,NULL,NULL,1390
5/4/2018 2:21:00 AM,25,NULL,0.09,2.1,NULL,NULL,1391
5/7/2018 3:33:00 AM,15,NULL,0.09,1.0,NULL,NULL,1392
5/8/2018 1:58:00 AM,30,NULL,0.08,2.3,NULL,NULL,1393
5/9/2018 2:59:00 AM,25,NULL,0.07,1.0,NULL,NULL,1394
5/9/2018 9:00:00 PM,NULL,2,0.10,NULL,NULL,NULL,1395
5/10/2018 2:44:00 AM,20,NULL,0.09,1.0,NULL,NULL,1396
5/11/2018 2:26:00 AM,20,NULL,0.11,1.7,NULL,NULL,1397
5/14/2018 3:57:00 AM,16,NULL,0.07,1.5,NULL,NULL,1398
5/15/2018 3:23:00 AM,25,NULL,0.10,1.0,NULL,NULL,1399
5/15/2018 9:00:00 PM,NULL,2,0.10,1.6,17,15,1400
5/16/2018 2:57:00 AM,15,NULL,0.08,1.0,NULL,NULL,1401
5/17/2018 2:26:00 AM,25,NULL,0.08,1.0,NULL,NULL,1402
5/18/2018 2:09:00 AM,28,NULL,0.08,1.4,NULL,NULL,1403
5/21/2018 3:47:00 AM,25,NULL,0.09,1.1,NULL,NULL,1404
5/21/2018 9:00:00 PM,NULL,2,0.10,NULL,NULL,NULL,1405
5/22/2018 3:44:00 AM,15,NULL,0.09,0.5,NULL,NULL,1406
5/23/2018 3:24:00 AM,30,NULL,0.08,0.5,NULL,NULL,1407
5/24/2018 2:43:00 AM,25,NULL,0.07,1.0,NULL,NULL,1408
5/25/2018 2:53:00 AM,25,NULL,0.12,1.5,NULL,NULL,1409
5/27/2018 9:00:00 PM,NULL,2,0.10,1.2,19,18,1410
5/28/2018 3:51:00 AM,22,NULL,0.10,2.3,NULL,NULL,1411
5/29/2018 3:33:00 AM,25,NULL,0.10,3.4,NULL,NULL,1412
5/30/2018 3:26:00 AM,20,NULL,0.08,3.2,NULL,NULL,1413
5/31/2018 3:16:00 AM,25,NULL,0.06,1.0,NULL,NULL,1414
6/1/2018 2:12:00 AM,25,NULL,0.09,1.1,NULL,NULL,1415
3/1/2019 1:17:00 AM,28,NULL,0.09,3.7,NULL,NULL,1416
6/4/2018 3:59:00 AM,25,NULL,0.05,1.3,NULL,NULL,1417
2/4/2019 8:00:00 PM,NULL,2,0.20,2.0,16,14,1418
1/16/2018 2:15:00 AM,20,NULL,0.10,1.8,NULL,NULL,1419
3/4/2019 2:05:00 AM,26,NULL,0.12,4.0,NULL,NULL,1420
6/4/2018 9:00:00 PM,NULL,2,0.10,NULL,NULL,NULL,1421
3/15/2018 1:45:00 AM,30,NULL,0.09,1.7,NULL,NULL,1422
2/5/2019 1:36:00 AM,25,NULL,0.10,1.9,NULL,NULL,1423
1/16/2018 8:00:00 PM,NULL,2,0.50,NULL,NULL,NULL,1424
9/6/2018 2:23:00 AM,30,NULL,0.09,1.4,NULL,NULL,1425
3/4/2019 8:00:00 PM,NULL,2,0.10,1.7,15,14,1426
6/5/2018 3:04:00 AM,30,NULL,3.00,1.1,NULL,NULL,1427
3/16/2018 1:13:00 AM,30,NULL,0.06,1.4,NULL,NULL,1428
2/6/2019 1:43:00 AM,20,NULL,0.03,3.3,NULL,NULL,1429
1/17/2018 2:58:00 AM,25,NULL,0.07,2.0,NULL,NULL,1430
9/7/2018 2:15:00 AM,30,NULL,0.09,1.0,NULL,NULL,1431
3/5/2019 12:48:00 AM,25,NULL,0.20,2.0,NULL,NULL,1432
6/6/2018 4:43:00 AM,30,NULL,0.10,1.2,NULL,NULL,1433
3/19/2018 2:27:00 AM,30,NULL,0.08,1.5,NULL,NULL,1434
2/7/2019 1:52:00 AM,25,NULL,0.18,3.1,NULL,NULL,1435
1/18/2018 1:55:00 AM,29,NULL,0.10,3.1,NULL,NULL,1436
9/10/2018 2:33:00 AM,30,NULL,0.09,1.4,NULL,NULL,1437
3/6/2019 2:20:00 AM,30,NULL,0.10,2.3,NULL,NULL,1438
3/7/2019 1:35:00 AM,25,NULL,0.13,4.0,NULL,NULL,1439
3/8/2019 1:27:00 AM,30,NULL,0.10,3.5,NULL,NULL,1440
3/9/2019 12:12:00 AM,25,NULL,0.12,3.2,NULL,NULL,1441
3/11/2019 6:19:00 PM,20,NULL,0.08,2.5,NULL,NULL,1442
3/12/2019 8:00:00 PM,NULL,2,0.10,NULL,NULL,NULL,1443
3/13/2019 1:43:00 AM,25,NULL,0.09,4.7,NULL,NULL,1444
3/14/2019 2:28:00 AM,25,NULL,0.13,3.3,NULL,NULL,1445
3/15/2019 1:42:00 AM,25,NULL,0.07,3.3,NULL,NULL,1446
3/18/2019 1:19:00 AM,30,NULL,0.07,3.1,NULL,NULL,1447
3/19/2019 1:28:00 AM,20,NULL,0.10,3.7,NULL,NULL,1448
3/20/2019 1:22:00 AM,17,NULL,0.11,3.2,NULL,NULL,1449
3/20/2019 8:00:00 PM,NULL,2,0.10,2.4,14,11,1450
3/21/2019 1:12:00 AM,15,NULL,0.15,2.5,NULL,NULL,1451
3/22/2019 1:43:00 AM,25,NULL,0.13,4.7,NULL,NULL,1452
3/24/2019 8:00:00 PM,NULL,2,0.10,NULL,NULL,NULL,1453
3/25/2019 1:56:00 AM,20,NULL,0.05,1.6,NULL,NULL,1454
3/26/2019 1:13:00 AM,25,NULL,0.13,1.3,NULL,NULL,1455
3/27/2019 1:40:00 AM,25,NULL,0.16,1.3,NULL,NULL,1456
3/28/2019 1:51:00 AM,25,NULL,0.06,3.6,NULL,NULL,1457
3/29/2019 1:33:00 AM,40,NULL,0.20,1.6,NULL,NULL,1458
4/1/2019 2:02:00 AM,25,NULL,0.08,3.1,NULL,NULL,1459
4/1/2019 8:00:00 PM,NULL,2,0.40,1.8,17,15,1460
4/2/2019 1:25:00 AM,30,NULL,0.20,2.0,NULL,NULL,1461
4/3/2019 1:24:00 AM,35,NULL,0.08,1.2,NULL,NULL,1462
4/4/2019 12:01:00 AM,30,NULL,0.05,1.3,NULL,NULL,1463
4/5/2019 1:44:00 AM,35,NULL,0.10,2.3,NULL,NULL,1464
4/8/2019 2:09:00 AM,28,NULL,0.10,2.9,NULL,NULL,1465
4/9/2019 1:56:00 AM,30,NULL,0.08,2.9,NULL,NULL,1466
4/9/2019 9:00:00 PM,NULL,2,0.20,NULL,NULL,NULL,1467
4/10/2019 3:11:00 AM,35,NULL,0.12,1.7,NULL,NULL,1468
4/11/2019 2:35:00 AM,29,NULL,0.05,3.2,NULL,NULL,1469
4/12/2019 3:50:00 AM,30,NULL,0.12,3.2,NULL,NULL,1470
4/14/2019 9:00:00 PM,NULL,2,0.10,2.3,19,17,1471
4/15/2019 2:53:00 AM,30,NULL,0.09,3.6,NULL,NULL,1472
9/11/2018 2:33:00 AM,30,NULL,0.18,1.6,NULL,NULL,1473
9/12/2018 1:49:00 AM,25,NULL,0.11,2.2,NULL,NULL,1474
9/12/2018 9:00:00 PM,NULL,2,0.10,NULL,NULL,NULL,1475
9/13/2018 3:04:00 AM,25,NULL,0.06,2.4,NULL,NULL,1476
9/14/2018 2:32:00 AM,25,NULL,0.06,2.2,NULL,NULL,1477
9/17/2018 2:49:00 AM,25,NULL,0.09,1.2,NULL,NULL,1478
9/18/2018 2:19:00 AM,20,NULL,0.08,1.6,NULL,NULL,1479
9/19/2018 2:40:00 AM,20,NULL,0.05,2.9,NULL,NULL,1480
9/20/2018 2:08:00 AM,20,NULL,0.04,2.0,NULL,NULL,1481
9/20/2018 9:00:00 PM,NULL,2,0.10,1.4,14,13,1482
9/21/2018 3:02:00 AM,17,NULL,0.04,2.8,NULL,NULL,1483
9/21/2018 3:14:00 AM,17,NULL,0.04,2.8,NULL,NULL,1484
9/24/2018 2:39:00 AM,25,NULL,0.20,2.0,NULL,NULL,1485
9/25/2018 2:58:00 AM,20,NULL,0.15,2.0,NULL,NULL,1486
9/26/2018 2:38:00 AM,25,NULL,0.15,2.8,NULL,NULL,1487
9/26/2018 9:00:00 PM,NULL,2,0.10,NULL,NULL,NULL,1488
9/27/2018 1:43:00 AM,25,NULL,0.20,1.3,NULL,NULL,1489
9/29/2018 1:50:00 AM,25,NULL,0.16,1.4,NULL,NULL,1490
10/1/2018 2:40:00 AM,25,NULL,0.08,1.5,NULL,NULL,1491
10/2/2018 2:34:00 AM,20,NULL,0.07,1.4,NULL,NULL,1492
10/2/2018 9:00:00 PM,NULL,2,0.10,1.6,17,16,1493
10/3/2018 3:11:00 AM,20,NULL,0.11,1.7,NULL,NULL,1494
10/4/2018 1:48:00 AM,30,NULL,0.05,2.6,NULL,NULL,1495
10/5/2018 3:03:00 AM,23,NULL,0.40,2.8,NULL,NULL,1496
3/20/2018 2:36:00 AM,25,NULL,0.06,1.2,NULL,NULL,1497
10/8/2018 1:46:00 AM,20,NULL,0.13,2.0,NULL,NULL,1498
1/19/2018 1:20:00 AM,30,NULL,0.08,2.0,NULL,NULL,1499
2/8/2019 1:13:00 AM,25,NULL,0.10,3.7,NULL,NULL,1500
3/21/2018 2:54:00 AM,25,NULL,0.06,1.9,NULL,NULL,1501
10/8/2018 8:00:00 PM,NULL,3,0.10,NULL,NULL,NULL,1502
1/22/2018 2:05:00 AM,10,NULL,0.05,2.2,NULL,NULL,1503
2/11/2019 1:30:00 AM,24,NULL,0.15,4.1,NULL,NULL,1504
6/7/2018 2:57:00 AM,28,NULL,0.08,1.4,NULL,NULL,1505
3/21/2018 8:00:00 PM,NULL,2,0.10,1.8,11,10,1506
10/9/2018 1:39:00 AM,20,NULL,0.08,2.4,NULL,NULL,1507
1/22/2018 8:00:00 PM,NULL,2,0.40,1.1,17,16,1508
2/12/2019 1:15:00 AM,16,NULL,0.07,3.3,NULL,NULL,1509
6/8/2018 3:04:00 AM,30,NULL,0.06,1.1,NULL,NULL,1510
3/22/2018 2:05:00 AM,30,NULL,0.06,1.6,NULL,NULL,1511
10/10/2018 1:39:00 AM,30,NULL,0.11,2.4,NULL,NULL,1512
1/23/2018 4:11:00 AM,16,NULL,0.05,1.7,NULL,NULL,1513
2/12/2019 8:00:00 PM,NULL,3,0.30,NULL,NULL,NULL,1514
6/9/2018 2:37:00 AM,30,NULL,0.07,1.1,NULL,NULL,1515
3/23/2018 2:55:00 AM,30,NULL,0.06,1.9,NULL,NULL,1516
10/11/2018 2:08:00 AM,25,NULL,0.08,3.0,NULL,NULL,1517
1/24/2018 1:51:00 AM,20,NULL,0.04,2.0,NULL,NULL,1518
2/13/2019 2:16:00 AM,20,NULL,0.17,2.9,NULL,NULL,1519
6/12/2018 3:11:00 AM,30,NULL,0.08,1.0,NULL,NULL,1520
3/25/2018 8:00:00 PM,NULL,2,0.10,NULL,NULL,NULL,1521
10/12/2018 1:59:00 AM,25,NULL,0.08,3.3,NULL,NULL,1522
1/25/2018 1:24:00 AM,80,NULL,0.06,1.8,NULL,NULL,1523
2/14/2019 12:25:00 AM,25,NULL,0.15,5.0,NULL,NULL,1524
6/13/2018 3:05:00 AM,25,NULL,0.11,1.4,NULL,NULL,1525
3/26/2018 2:49:00 AM,35,NULL,0.07,2.0,NULL,NULL,1526
3/27/2018 1:39:00 AM,30,NULL,0.08,2.8,NULL,NULL,1527
3/28/2018 2:52:00 AM,30,NULL,0.09,2.1,NULL,NULL,1528
3/29/2018 1:07:00 AM,40,NULL,0.09,1.4,NULL,NULL,1529
3/31/2018 12:14:00 AM,35,NULL,0.09,1.3,NULL,NULL,1530
4/2/2018 9:00:00 PM,NULL,3,0.10,1.4,15,14,1531
4/3/2018 2:45:00 AM,30,NULL,0.07,2.3,NULL,NULL,1532
4/4/2018 3:34:00 AM,30,NULL,0.08,4.4,NULL,NULL,1533
4/5/2018 2:32:00 AM,35,NULL,0.08,2.3,NULL,NULL,1534
4/6/2018 3:02:00 AM,20,NULL,0.08,2.0,NULL,NULL,1535
4/9/2018 3:19:00 AM,30,NULL,0.10,2.1,NULL,NULL,1536
4/10/2018 2:55:00 AM,30,NULL,0.08,2.0,NULL,NULL,1537
4/11/2018 3:09:00 AM,35,NULL,0.09,2.2,NULL,NULL,1538
4/12/2018 3:01:00 AM,35,NULL,0.08,2.2,NULL,NULL,1539
4/13/2018 2:55:00 AM,25,NULL,0.08,2.9,NULL,NULL,1540
4/16/2018 3:43:00 AM,35,NULL,0.09,3.0,NULL,NULL,1541
4/17/2018 2:58:00 AM,35,NULL,0.10,1.6,NULL,NULL,1542
4/18/2018 4:00:00 AM,30,NULL,0.09,3.4,NULL,NULL,1543
4/18/2018 9:00:00 PM,NULL,3,0.10,1.8,19,17,1544
4/19/2018 3:26:00 AM,30,NULL,0.10,1.4,NULL,NULL,1545
4/20/2018 2:36:00 AM,30,NULL,0.09,1.8,NULL,NULL,1546
4/23/2018 2:53:00 AM,25,NULL,0.11,1.7,NULL,NULL,1547
4/24/2018 2:30:00 AM,25,NULL,0.09,1.0,NULL,NULL,1548
4/26/2018 2:57:00 AM,30,NULL,0.07,1.4,NULL,NULL,1549
4/26/2018 9:00:00 PM,NULL,3,0.10,NULL,NULL,NULL,1550
4/27/2018 2:58:00 AM,25,NULL,0.07,1.0,NULL,NULL,1551
4/30/2018 2:49:00 AM,25,NULL,0.08,1.7,NULL,NULL,1552
5/1/2018 2:22:00 AM,25,NULL,0.09,1.6,NULL,NULL,1553
6/14/2018 2:41:00 AM,20,NULL,0.16,1.0,NULL,NULL,1554
6/14/2018 9:00:00 PM,NULL,2,0.10,1.9,16,14,1555
6/15/2018 2:36:00 AM,30,NULL,0.10,1.2,NULL,NULL,1556
6/18/2018 3:18:00 AM,20,NULL,0.12,1.1,NULL,NULL,1557
6/19/2018 3:26:00 AM,25,NULL,0.15,1.4,NULL,NULL,1558
6/20/2018 3:25:00 AM,17,NULL,0.06,1.0,NULL,NULL,1559
6/20/2018 9:00:00 PM,NULL,2,0.10,NULL,NULL,NULL,1560
6/21/2018 3:08:00 AM,30,NULL,0.06,1.4,NULL,NULL,1561
6/22/2018 2:31:00 AM,25,NULL,0.13,1.0,NULL,NULL,1562
6/25/2018 3:27:00 AM,30,NULL,0.11,1.0,NULL,NULL,1563
6/26/2018 2:21:00 AM,30,NULL,0.11,2.0,NULL,NULL,1564
6/26/2018 9:00:00 PM,NULL,2,0.10,1.4,15,14,1565
6/27/2018 3:34:00 AM,20,NULL,0.05,2.0,NULL,NULL,1566
2/15/2019 1:22:00 AM,30,NULL,0.07,3.7,NULL,NULL,1567
1/27/2018 12:35:00 AM,28,NULL,0.03,2.3,NULL,NULL,1568
1/28/2018 8:00:00 PM,NULL,2,0.10,NULL,NULL,NULL,1569
1/29/2018 1:45:00 AM,25,NULL,0.06,2.1,NULL,NULL,1570
1/30/2018 1:18:00 AM,25,NULL,0.08,1.5,NULL,NULL,1571
1/31/2018 2:14:00 AM,25,NULL,0.08,1.1,NULL,NULL,1572
2/1/2018 1:52:00 AM,26,NULL,0.07,1.1,NULL,NULL,1573
2/2/2018 1:35:00 AM,25,NULL,0.20,1.1,NULL,NULL,1574
2/5/2018 2:07:00 AM,25,NULL,0.08,1.6,NULL,NULL,1575
2/5/2018 8:00:00 PM,NULL,2,0.10,1.4,18,17,1576
2/6/2018 2:29:00 AM,20,NULL,0.08,2.0,NULL,NULL,1577
2/7/2018 2:09:00 AM,28,NULL,0.05,1.1,NULL,NULL,1578
2/8/2018 3:09:00 AM,24,NULL,0.04,2.0,NULL,NULL,1579
2/9/2018 2:31:00 AM,30,NULL,0.05,1.5,NULL,NULL,1580
2/12/2018 3:09:00 AM,25,NULL,0.21,2.2,NULL,NULL,1581
2/13/2018 2:23:00 AM,25,NULL,0.07,2.0,NULL,NULL,1582
2/13/2018 8:00:00 PM,NULL,3,0.10,NULL,NULL,NULL,1583
2/14/2018 2:35:00 AM,29,NULL,0.06,1.8,NULL,NULL,1584
2/15/2018 2:17:00 AM,35,NULL,0.09,1.6,NULL,NULL,1585
2/16/2018 1:47:00 AM,25,NULL,0.07,2.1,NULL,NULL,1586
2/19/2018 2:16:00 AM,26,NULL,0.06,1.5,NULL,NULL,1587
2/20/2018 2:17:00 AM,28,NULL,0.05,2.0,NULL,NULL,1588
2/21/2018 2:19:00 AM,25,NULL,0.05,1.7,NULL,NULL,1589
2/21/2018 8:00:00 PM,NULL,2,0.10,1.4,14,12,1590
2/22/2018 1:36:00 AM,25,NULL,0.05,2.2,NULL,NULL,1591
2/23/2018 3:01:00 AM,25,NULL,0.06,1.0,NULL,NULL,1592
2/26/2018 2:08:00 AM,20,NULL,0.05,1.7,NULL,NULL,1593
2/27/2018 2:00:00 AM,20,NULL,0.05,2.0,NULL,NULL,1594
2/27/2018 8:00:00 PM,NULL,2,0.10,NULL,NULL,NULL,1595
10/14/2018 8:00:00 PM,NULL,2,0.10,2.4,17,15,1596
10/15/2018 1:45:00 AM,30,NULL,0.29,1.8,NULL,NULL,1597
10/16/2018 1:40:00 AM,30,NULL,0.20,3.0,NULL,NULL,1598
10/17/2018 1:43:00 AM,26,NULL,0.10,2.6,NULL,NULL,1599
10/18/2018 1:03:00 AM,30,NULL,0.20,2.5,NULL,NULL,1600
4/16/2019 2:44:00 AM,40,NULL,0.19,2.7,NULL,NULL,1601
4/17/2019 2:27:00 AM,28,NULL,0.10,2.0,NULL,NULL,1602
4/18/2019 2:11:00 AM,25,NULL,0.08,6.7,NULL,NULL,1603
4/20/2019 1:31:00 AM,30,NULL,0.12,4.7,NULL,NULL,1604
4/23/2019 2:22:00 AM,28,NULL,0.20,2.8,NULL,NULL,1605
4/23/2019 9:00:00 PM,NULL,2,0.40,NULL,NULL,NULL,1606
4/26/2019 2:33:00 AM,35,NULL,0.07,3.1,NULL,NULL,1607
4/29/2019 2:32:00 AM,25,NULL,0.19,3.8,NULL,NULL,1608
4/30/2019 3:19:00 AM,20,NULL,0.19,3.0,NULL,NULL,1609
5/1/2019 2:14:00 AM,18,NULL,0.15,2.2,NULL,NULL,1610
5/1/2019 9:00:00 PM,NULL,2,0.10,1.7,16,14,1611
5/2/2019 2:38:00 AM,25,NULL,0.16,6.0,NULL,NULL,1612
5/3/2019 2:30:00 AM,29,NULL,0.18,1.1,NULL,NULL,1613
5/6/2019 2:44:00 AM,25,NULL,0.15,3.3,NULL,NULL,1614
5/7/2019 2:33:00 AM,26,NULL,0.10,2.1,NULL,NULL,1615
5/8/2019 2:01:00 AM,29,NULL,0.10,5.5,NULL,NULL,1616
5/8/2019 9:00:00 PM,NULL,2,0.10,NULL,NULL,NULL,1617
5/9/2019 2:53:00 AM,30,NULL,0.10,1.0,NULL,NULL,1618
5/10/2019 2:38:00 AM,35,NULL,0.06,1.7,NULL,NULL,1619
5/13/2019 2:37:00 AM,25,NULL,0.13,2.7,NULL,NULL,1620
5/14/2019 1:59:00 AM,25,NULL,0.12,2.8,NULL,NULL,1621
5/14/2019 9:00:00 PM,NULL,3,0.10,1.8,18,16,1622
5/15/2019 2:43:00 AM,33,NULL,0.06,4.0,NULL,NULL,1623
5/16/2019 2:59:00 AM,30,NULL,0.15,4.0,NULL,NULL,1624
5/17/2019 2:40:00 AM,28,NULL,0.14,3.8,NULL,NULL,1625
5/20/2019 3:01:00 AM,30,NULL,0.40,2.5,NULL,NULL,1626
5/20/2019 9:00:00 PM,NULL,2,0.10,NULL,NULL,NULL,1627
5/21/2019 2:53:00 AM,21,NULL,0.13,1.8,NULL,NULL,1628
5/22/2019 2:36:00 AM,25,NULL,0.10,4.4,NULL,NULL,1629
5/23/2019 2:03:00 AM,30,NULL,0.13,3.1,NULL,NULL,1630
5/24/2019 2:37:00 AM,35,NULL,0.20,2.6,NULL,NULL,1631
5/26/2019 9:00:00 PM,NULL,2,0.20,2.3,20,18,1632
5/27/2019 2:53:00 AM,29,NULL,0.36,3.5,NULL,NULL,1633
5/28/2019 2:07:00 AM,25,NULL,0.17,4.1,NULL,NULL,1634
5/29/2019 2:37:00 AM,25,NULL,0.18,3.5,NULL,NULL,1635
5/30/2019 2:08:00 AM,30,NULL,0.30,2.8,NULL,NULL,1636
5/31/2019 2:18:00 AM,20,NULL,0.21,3.9,NULL,NULL,1637
6/3/2019 3:00:00 AM,35,NULL,0.08,5.3,NULL,NULL,1638
6/3/2019 9:00:00 PM,NULL,2,0.10,NULL,NULL,NULL,1639
6/4/2019 3:41:00 AM,34,NULL,0.15,2.8,NULL,NULL,1640
6/5/2019 2:51:00 AM,25,NULL,0.15,5.1,NULL,NULL,1641
6/6/2019 2:55:00 AM,25,NULL,0.13,4.3,NULL,NULL,1642
6/7/2019 2:41:00 AM,35,NULL,0.10,2.0,NULL,NULL,1643
6/8/2019 1:35:00 AM,20,NULL,0.10,3.9,NULL,NULL,1644
6/11/2019 2:20:00 AM,24,NULL,0.12,2.1,NULL,NULL,1645
6/12/2019 1:48:00 AM,25,NULL,0.22,2.5,NULL,NULL,1646
6/13/2019 1:54:00 AM,25,NULL,0.30,2.6,NULL,NULL,1647
6/13/2019 9:00:00 PM,NULL,2,0.10,2.0,17,15,1648
6/14/2019 2:41:00 AM,25,NULL,0.20,1.8,NULL,NULL,1649
6/17/2019 2:39:00 AM,30,NULL,0.07,1.3,NULL,NULL,1650
6/18/2019 3:03:00 AM,30,NULL,0.07,3.0,NULL,NULL,1651
6/19/2019 2:35:00 AM,25,NULL,0.13,1.8,NULL,NULL,1652
6/19/2019 9:00:00 PM,NULL,2,0.10,NULL,NULL,NULL,1653
6/20/2019 2:43:00 AM,29,NULL,0.16,3.4,NULL,NULL,1654
6/21/2019 3:11:00 AM,25,NULL,0.07,2.7,NULL,NULL,1655
6/25/2019 3:50:00 AM,22,NULL,0.07,2.1,NULL,NULL,1656
6/25/2019 9:00:00 PM,NULL,2,0.10,2.3,19,16,1657
6/26/2019 3:01:00 AM,26,NULL,0.10,2.2,NULL,NULL,1658
6/27/2019 2:58:00 AM,30,NULL,0.10,2.2,NULL,NULL,1659
6/28/2019 2:51:00 AM,30,NULL,0.07,1.8,NULL,NULL,1660
7/1/2019 5:08:00 AM,8,NULL,0.00,NULL,NULL,NULL,1661
7/1/2019 9:00:00 PM,NULL,2,0.10,NULL,NULL,NULL,1662
7/2/2019 2:41:00 AM,20,NULL,0.12,1.8,NULL,NULL,1663
7/3/2019 3:33:00 AM,25,NULL,0.09,2.4,NULL,NULL,1664
7/4/2019 2:20:00 AM,32,NULL,0.10,1.7,NULL,NULL,1665
7/5/2019 2:21:00 AM,30,NULL,0.12,2.2,NULL,NULL,1666
7/7/2019 9:00:00 PM,NULL,2,0.10,2.4,21,18,1667
7/8/2019 2:52:00 AM,25,NULL,0.11,3.2,NULL,NULL,1668
7/9/2019 2:20:00 AM,20,NULL,0.14,3.8,NULL,NULL,1669
7/10/2019 2:27:00 AM,28,NULL,0.05,2.4,NULL,NULL,1670
7/11/2019 2:05:00 AM,21,NULL,0.09,2.6,NULL,NULL,1671
7/12/2019 3:09:00 AM,23,NULL,0.16,1.3,NULL,NULL,1672
7/15/2019 2:23:00 AM,15,NULL,0.14,3.4,NULL,NULL,1673
7/15/2019 9:00:00 PM,NULL,2,0.10,NULL,NULL,NULL,1674
7/16/2019 2:38:00 AM,16,NULL,0.15,3.2,NULL,NULL,1675
7/17/2019 2:41:00 AM,12,NULL,0.13,3.2,NULL,NULL,1676
7/18/2019 1:47:00 AM,20,NULL,0.12,4.0,NULL,NULL,1677
7/19/2019 2:18:00 AM,24,NULL,0.10,2.9,NULL,NULL,1678
7/22/2019 2:23:00 AM,25,NULL,0.05,2.7,NULL,NULL,1679
7/23/2019 2:53:00 AM,29,NULL,0.04,3.4,NULL,NULL,1680
7/23/2019 9:00:00 PM,NULL,2,0.10,1.1,20,19,1681
7/24/2019 2:41:00 AM,20,NULL,0.05,1.7,NULL,NULL,1682
7/25/2019 1:54:00 AM,30,NULL,0.03,2.7,NULL,NULL,1683
7/26/2019 2:33:00 AM,22,NULL,0.06,2.2,NULL,NULL,1684
7/29/2019 2:27:00 AM,25,NULL,0.10,3.0,NULL,NULL,1685
7/30/2019 2:17:00 AM,25,NULL,0.09,2.0,NULL,NULL,1686
7/31/2019 2:30:00 AM,13,NULL,0.10,2.6,NULL,NULL,1687
7/31/2019 9:00:00 PM,NULL,2,0.10,NULL,NULL,NULL,1688
8/1/2019 2:25:00 AM,25,NULL,0.12,2.6,NULL,NULL,1689
8/2/2019 2:31:00 AM,25,NULL,0.09,2.4,NULL,NULL,1690
8/5/2019 2:32:00 AM,30,NULL,0.07,2.7,NULL,NULL,1691
8/6/2019 1:55:00 AM,25,NULL,0.10,1.4,NULL,NULL,1692
8/7/2019 2:23:00 AM,28,NULL,0.07,1.0,NULL,NULL,1693
8/8/2019 2:25:00 AM,30,NULL,0.10,1.4,NULL,NULL,1694
8/8/2019 9:00:00 PM,NULL,2,0.10,1.5,16,15,1695
8/9/2019 3:14:00 AM,20,NULL,0.20,2.6,NULL,NULL,1696
8/12/2019 2:47:00 AM,15,NULL,0.07,1.3,NULL,NULL,1697
8/13/2019 1:53:00 AM,15,NULL,0.11,1.2,NULL,NULL,1698
8/14/2019 2:10:00 AM,25,NULL,0.09,2.0,NULL,NULL,1699
8/14/2019 9:00:00 PM,NULL,2,0.10,NULL,NULL,NULL,1700
8/15/2019 2:19:00 AM,25,NULL,0.07,2.2,NULL,NULL,1701
8/16/2019 2:12:00 AM,25,NULL,0.10,3.5,NULL,NULL,1702
8/19/2019 2:50:00 AM,25,NULL,0.09,1.5,NULL,NULL,1703
8/20/2019 2:29:00 AM,26,NULL,0.10,2.1,NULL,NULL,1704
8/20/2019 9:00:00 PM,NULL,2,0.10,1.1,20,19,1705
8/21/2019 2:04:00 AM,15,NULL,0.10,1.1,NULL,NULL,1706
8/22/2019 2:23:00 AM,15,NULL,0.08,1.3,NULL,NULL,1707
8/23/2019 3:03:00 AM,24,NULL,0.12,1.7,NULL,NULL,1708
8/26/2019 4:48:00 AM,5,NULL,NULL,NULL,NULL,NULL,1709
8/26/2019 9:00:00 PM,NULL,2,0.10,NULL,NULL,NULL,1710
8/27/2019 4:38:00 AM,2,NULL,NULL,NULL,NULL,NULL,1711
8/28/2019 4:40:00 AM,32,NULL,NULL,NULL,NULL,NULL,1712
8/29/2019 5:11:00 AM,16,NULL,NULL,NULL,NULL,NULL,1713
8/30/2019 4:51:00 AM,10,NULL,NULL,NULL,NULL,NULL,1714
9/2/2019 4:47:00 AM,13,NULL,NULL,NULL,NULL,NULL,1715
9/3/2019 4:41:00 AM,4,NULL,NULL,NULL,NULL,NULL,1716
